Age,Purchase_Amount_USD,Review_Rating,Previous_Purchases,Discount_Applied,Subscription_Status,Cluster
55,53,3.1,14,1,1,2
19,64,3.1,2,1,1,2
50,73,3.1,23,1,1,2
21,90,3.5,49,1,1,2
45,49,2.7,31,1,1,2
46,20,2.9,14,1,1,2
63,85,3.2,49,1,1,2
27,34,3.2,19,1,1,2
26,97,2.6,8,1,1,2
57,31,4.8,4,1,1,2
53,34,4.1,26,1,1,2
30,68,4.9,10,1,1,2
61,72,4.5,37,1,1,2
65,51,4.7,31,1,1,2
64,53,4.7,34,1,1,2
64,81,2.8,8,1,1,2
25,36,4.1,44,1,1,2
53,38,4.7,36,1,1,2
52,48,4.6,17,1,1,2
66,90,3.3,46,1,1,2
21,51,2.8,50,1,1,2
31,62,4.1,22,1,1,2
56,37,3.2,32,1,1,2
31,88,4.4,40,1,1,2
18,22,2.9,16,1,1,2
18,25,3.6,14,1,1,2
38,20,3.6,13,1,1,2
56,56,5.0,7,1,1,2
54,94,4.4,41,1,1,2
31,48,4.1,14,1,1,2
57,31,4.7,16,1,1,2
33,79,4.7,45,1,1,2
36,67,4.9,37,1,1,2
54,38,3.3,45,1,1,2
36,91,4.6,38,1,1,2
54,33,4.0,48,1,1,2
35,69,4.6,44,1,1,2
35,45,2.8,10,1,1,2
29,37,3.7,44,1,1,2
70,60,4.2,18,1,1,2
69,76,4.6,31,1,1,2
67,39,4.5,40,1,1,2
20,100,4.1,15,1,1,2
25,69,3.7,19,1,1,2
39,53,4.6,45,1,1,2
50,21,2.9,25,1,1,2
57,43,2.9,45,1,1,2
55,54,4.5,36,1,1,2
42,55,2.7,38,1,1,2
68,30,4.6,34,1,1,2
49,28,3.7,39,1,1,2
59,59,4.7,7,1,1,2
42,20,2.6,26,1,1,2
29,24,3.9,35,1,1,2
47,94,4.2,35,1,1,2
40,28,3.0,49,1,1,2
41,73,4.7,46,1,1,2
21,64,4.4,17,1,1,2
69,54,4.2,29,1,1,2
63,79,4.6,4,1,1,2
50,37,4.0,17,1,1,2
55,68,4.7,21,1,1,2
30,21,3.8,31,1,1,2
33,79,2.7,43,1,1,2
65,83,4.8,18,1,1,2
65,36,4.8,44,1,1,2
31,94,4.7,3,1,1,2
45,33,4.4,49,1,1,2
57,46,3.9,21,1,1,2
48,70,4.4,5,1,1,2
22,29,4.2,32,1,1,2
36,48,2.9,34,1,1,2
18,26,2.9,21,1,1,2
48,85,2.7,43,1,1,2
49,58,4.5,3,1,1,2
64,85,2.7,21,1,1,2
50,43,4.2,32,1,1,2
22,53,3.3,36,1,1,2
50,91,4.7,50,1,1,2
38,96,2.6,43,1,1,2
19,72,3.3,24,1,1,2
67,96,2.6,36,1,1,2
19,28,4.0,21,1,1,2
36,40,4.1,34,1,1,2
52,32,4.4,42,1,1,2
53,95,4.5,2,1,1,2
24,41,3.7,47,1,1,2
52,53,3.7,44,1,1,2
33,47,3.5,35,1,1,2
47,83,3.6,15,1,1,2
25,48,2.9,29,1,1,2
44,99,4.6,18,1,1,2
61,87,4.4,13,1,1,2
37,62,4.5,46,1,1,2
58,76,4.6,28,1,1,2
37,100,3.8,48,1,1,2
32,73,3.6,43,1,1,2
21,92,4.8,37,1,1,2
20,67,2.6,20,1,1,2
26,40,3.7,33,1,1,2
62,98,2.7,31,1,1,2
27,85,4.6,50,1,1,2
51,67,4.8,35,1,1,2
54,89,4.0,22,1,1,2
55,24,4.4,1,1,1,2
69,96,3.6,4,1,1,2
64,35,3.7,31,1,1,2
28,67,3.1,46,1,1,2
70,79,3.4,32,1,1,2
58,85,2.6,43,1,1,2
56,26,4.0,26,1,1,2
26,75,5.0,9,1,1,2
37,65,4.3,28,1,1,2
44,54,3.1,20,1,1,2
70,95,3.7,9,1,1,2
53,94,3.8,48,1,1,2
55,86,3.4,12,1,1,2
50,32,4.6,29,1,1,2
50,45,4.8,27,1,1,2
38,76,4.3,44,1,1,2
64,84,4.0,32,1,1,2
19,72,4.2,11,1,1,2
40,40,4.8,44,1,1,2
57,89,3.1,46,1,1,2
44,86,3.1,50,1,1,2
49,54,3.6,45,1,1,2
43,36,3.9,48,1,1,2
24,89,4.8,26,1,1,2
20,32,4.7,21,1,1,2
24,67,4.2,49,1,1,2
44,39,3.7,13,1,1,2
28,29,3.9,46,1,1,2
30,58,4.7,42,1,1,2
52,65,2.5,25,1,1,2
43,94,4.9,25,1,1,2
43,81,4.1,12,1,1,2
39,86,3.3,4,1,1,2
68,43,4.7,38,1,1,2
68,29,4.4,42,1,1,2
49,95,3.8,30,1,1,2
63,28,3.9,50,1,1,2
56,46,4.9,45,1,1,2
37,58,3.1,33,1,1,2
30,48,2.7,25,1,1,2
19,43,3.2,25,1,1,2
24,95,4.5,44,1,1,2
52,30,4.0,21,1,1,2
63,64,3.5,31,1,1,2
37,90,2.6,47,1,1,2
38,76,3.2,14,1,1,2
35,96,4.9,17,1,1,2
28,47,4.5,3,1,1,2
30,85,4.3,42,1,1,2
69,55,3.2,22,1,1,2
41,98,3.6,21,1,1,2
63,77,4.3,21,1,1,2
35,26,4.0,40,1,1,2
36,68,3.0,1,1,1,2
25,73,4.1,50,1,1,2
58,27,3.8,39,1,1,2
27,23,4.6,34,1,1,2
65,49,3.0,29,1,1,2
54,74,3.0,31,1,1,2
54,67,3.4,8,1,1,2
59,65,2.6,5,1,1,2
42,60,2.8,7,1,1,2
46,31,4.0,30,1,1,2
33,27,4.0,14,1,1,2
34,80,3.0,5,1,1,2
27,30,3.3,3,1,1,2
52,25,2.6,46,1,1,2
29,35,3.6,4,1,1,2
54,67,3.9,42,1,1,2
25,46,3.4,30,1,1,2
41,35,3.5,37,1,1,2
53,86,2.8,2,1,1,2
53,81,2.7,30,1,1,2
21,42,3.7,47,1,1,2
61,43,4.3,21,1,1,2
64,31,4.9,9,1,1,2
51,81,3.3,12,1,1,2
32,61,4.7,4,1,1,2
38,96,2.8,10,1,1,2
58,29,3.6,26,1,1,2
32,33,3.0,40,1,1,2
46,32,4.5,34,1,1,2
39,56,2.9,31,1,1,2
19,94,3.3,1,1,1,2
50,53,3.1,5,1,1,2
36,82,4.4,4,1,1,2
65,70,3.0,48,1,1,2
64,76,3.9,29,1,1,2
46,29,2.9,12,1,1,2
36,100,3.0,29,1,1,2
51,94,3.1,15,1,1,2
51,25,4.3,34,1,1,2
38,88,3.9,41,1,1,2
59,78,3.2,41,1,1,2
57,45,4.8,39,1,1,2
54,73,3.8,32,1,1,2
25,61,3.3,29,1,1,2
69,22,4.3,15,1,1,2
57,38,2.7,33,1,1,2
70,38,3.2,18,1,1,2
24,100,4.0,35,1,1,2
67,64,3.0,25,1,1,2
24,55,4.2,6,1,1,2
62,91,2.9,17,1,1,2
57,38,4.1,17,1,1,2
55,97,3.2,44,1,1,2
45,22,3.0,6,1,1,2
69,92,4.2,45,1,1,2
67,84,4.2,7,1,1,2
30,93,4.4,11,1,1,2
24,50,4.2,41,1,1,2
62,64,2.8,24,1,1,2
43,61,3.7,21,1,1,2
35,48,3.5,24,1,1,2
28,45,2.9,8,1,1,2
32,88,3.0,12,1,1,2
39,57,3.7,48,1,1,2
28,68,4.4,6,1,1,2
47,94,4.5,14,1,1,2
20,41,4.8,34,1,1,2
63,83,2.9,12,1,1,2
25,22,3.2,11,1,1,2
29,74,3.3,5,1,1,2
50,90,4.2,25,1,1,2
18,79,2.9,11,1,1,2
70,28,4.6,27,1,1,2
66,88,4.1,43,1,1,2
28,26,3.1,18,1,1,2
54,27,4.2,32,1,1,2
19,83,4.5,27,1,1,2
20,39,3.7,24,1,1,2
43,89,3.7,31,1,1,2
38,68,3.4,39,1,1,2
50,90,3.0,36,1,1,2
64,34,4.2,5,1,1,2
49,51,2.9,47,1,1,2
47,45,3.5,29,1,1,2
36,88,4.1,43,1,1,2
55,85,4.3,40,1,1,2
25,100,2.8,4,1,1,2
53,42,4.9,39,1,1,2
49,53,3.3,45,1,1,2
35,86,3.2,20,1,1,2
29,66,4.4,14,1,1,2
47,100,4.8,33,1,1,2
53,47,4.2,18,1,1,2
33,25,4.0,9,1,1,2
21,51,2.5,34,1,1,2
32,41,3.9,33,1,1,2
52,73,4.9,15,1,1,2
67,42,3.5,4,1,1,2
43,20,4.2,25,1,1,2
58,30,4.7,20,1,1,2
20,53,4.5,5,1,1,2
61,74,2.8,16,1,1,2
32,57,2.9,13,1,1,2
38,57,3.2,11,1,1,2
21,77,4.9,21,1,1,2
37,40,3.7,6,1,1,2
27,46,4.3,29,1,1,2
36,78,3.9,15,1,1,2
32,59,3.2,17,1,1,2
51,75,3.1,32,1,1,2
64,54,3.9,42,1,1,2
68,42,2.6,21,1,1,2
68,44,3.3,9,1,1,2
33,52,4.6,16,1,1,2
65,69,4.6,42,1,1,2
48,26,4.4,37,1,1,2
69,33,4.2,32,1,1,2
59,32,3.0,28,1,1,2
48,85,4.0,13,1,1,2
25,30,3.5,11,1,1,2
29,29,3.0,36,1,1,2
57,95,3.7,23,1,1,2
23,69,4.0,37,1,1,2
45,69,4.2,21,1,1,2
38,61,2.5,22,1,1,2
21,94,3.0,9,1,1,2
32,30,3.2,16,1,1,2
63,45,3.5,4,1,1,2
29,39,4.8,3,1,1,2
27,51,2.6,6,1,1,2
56,37,3.4,18,1,1,2
30,62,3.7,34,1,1,2
49,85,4.5,26,1,1,2
58,33,3.7,50,1,1,2
57,26,3.3,40,1,1,2
60,99,4.7,24,1,1,2
69,39,2.7,33,1,1,2
70,20,4.6,19,1,1,2
53,42,2.7,24,1,1,2
25,74,4.8,19,1,1,2
48,26,4.4,4,1,1,2
69,53,4.0,11,1,1,2
25,80,3.2,28,1,1,2
29,98,4.4,24,1,1,2
46,95,3.8,25,1,1,2
37,44,3.6,27,1,1,2
20,60,3.3,49,1,1,2
40,84,3.4,45,1,1,2
60,59,3.5,26,1,1,2
26,49,3.6,4,1,1,2
29,32,3.2,3,1,1,2
66,29,3.7,45,1,1,2
66,22,4.5,21,1,1,2
56,85,4.6,50,1,1,2
69,52,4.1,19,1,1,2
38,89,3.4,6,1,1,2
42,77,3.7,50,1,1,2
30,24,3.3,17,1,1,2
66,24,4.5,24,1,1,2
36,22,3.3,46,1,1,2
58,82,4.3,42,1,1,2
45,67,2.5,10,1,1,2
47,74,2.6,1,1,1,2
66,72,4.9,28,1,1,2
41,36,4.7,48,1,1,2
41,95,3.0,47,1,1,2
66,78,3.5,29,1,1,2
37,82,4.8,37,1,1,2
70,70,4.3,38,1,1,2
62,41,3.2,48,1,1,2
61,42,3.1,36,1,1,2
48,50,2.8,9,1,1,2
70,31,2.9,34,1,1,2
46,51,3.7,43,1,1,2
31,98,3.3,46,1,1,2
19,86,2.8,5,1,1,2
39,64,4.5,15,1,1,2
41,46,2.6,30,1,1,2
20,85,3.7,44,1,1,2
36,81,4.4,16,1,1,2
32,59,4.3,16,1,1,2
69,79,3.5,16,1,1,2
40,33,3.8,21,1,1,2
40,47,3.5,39,1,1,2
20,20,4.6,40,1,1,2
64,36,2.6,48,1,1,2
27,39,4.4,26,1,1,2
24,71,4.0,46,1,1,2
48,59,4.4,27,1,1,2
49,50,4.7,5,1,1,2
36,41,3.9,43,1,1,2
56,59,2.7,17,1,1,2
37,87,3.7,3,1,1,2
42,68,2.6,47,1,1,2
28,90,3.9,24,1,1,2
27,71,4.9,12,1,1,2
63,64,4.1,35,1,1,2
58,76,3.0,42,1,1,2
37,42,4.1,1,1,1,2
56,80,3.8,27,1,1,2
18,56,4.0,16,1,1,2
48,25,3.6,36,1,1,2
31,74,3.0,30,1,1,2
51,30,3.0,18,1,1,2
65,96,2.6,45,1,1,2
53,64,3.4,1,1,1,2
55,88,3.1,42,1,1,2
62,88,3.0,7,1,1,2
55,88,3.7,50,1,1,2
64,36,3.5,37,1,1,2
52,40,2.8,18,1,1,2
24,39,4.5,29,1,1,2
38,40,3.3,45,1,1,2
59,34,3.4,13,1,1,2
27,83,3.2,47,1,1,2
24,85,3.7,7,1,1,2
23,27,4.6,11,1,1,2
69,78,5.0,39,1,1,2
59,32,4.4,6,1,1,2
51,51,4.9,2,1,1,2
63,32,4.1,39,1,1,2
54,62,4.9,23,1,1,2
32,29,4.7,46,1,1,2
39,69,3.0,19,1,1,2
66,25,3.4,3,1,1,2
28,76,3.2,47,1,1,2
50,77,2.9,6,1,1,2
70,33,4.5,6,1,1,2
67,93,2.7,12,1,1,2
64,39,3.4,40,1,1,2
45,93,4.6,38,1,1,2
22,82,2.7,10,1,1,2
27,42,4.2,28,1,1,2
25,71,3.2,19,1,1,2
37,86,4.8,25,1,1,2
26,82,3.3,38,1,1,2
33,65,4.2,6,1,1,2
43,29,4.8,7,1,1,2
37,65,4.9,2,1,1,2
46,88,3.9,24,1,1,2
22,46,3.0,26,1,1,2
20,67,4.6,25,1,1,2
60,35,3.5,10,1,1,2
39,66,4.8,14,1,1,2
43,91,4.8,21,1,1,2
31,78,3.0,26,1,1,2
19,45,4.5,12,1,1,2
35,93,4.8,11,1,1,2
41,74,3.8,15,1,1,2
52,55,4.6,13,1,1,2
45,76,3.1,5,1,1,2
34,66,3.4,36,1,1,2
35,51,3.3,32,1,1,2
29,26,4.8,1,1,1,2
59,29,2.8,15,1,1,2
24,74,3.1,3,1,1,2
70,99,4.6,48,1,1,2
29,88,2.6,30,1,1,2
67,31,2.6,40,1,1,2
36,55,3.8,24,1,1,2
23,81,4.5,48,1,1,2
18,73,3.0,27,1,1,2
53,91,3.5,14,1,1,2
32,54,3.8,18,1,1,2
38,40,3.5,48,1,1,2
47,59,3.1,32,1,1,2
46,26,3.0,21,1,1,2
66,23,4.3,42,1,1,2
40,87,3.3,4,1,1,2
43,71,4.7,19,1,1,2
58,91,4.5,6,1,1,2
21,64,2.9,2,1,1,2
42,94,4.1,21,1,1,2
24,40,3.5,40,1,1,2
43,76,3.4,33,1,1,2
47,86,3.3,26,1,1,2
49,92,3.2,23,1,1,2
50,52,4.0,39,1,1,2
51,28,3.6,42,1,1,2
40,46,4.6,41,1,1,2
45,50,2.6,41,1,1,2
52,23,4.3,12,1,1,2
62,50,3.4,31,1,1,2
20,89,3.5,34,1,1,2
43,81,4.2,32,1,1,2
29,69,3.5,31,1,1,2
22,67,3.6,24,1,1,2
48,20,4.3,31,1,1,2
42,29,4.9,18,1,1,2
19,74,4.1,15,1,1,2
60,82,3.6,7,1,1,2
32,23,3.4,35,1,1,2
26,45,2.9,35,1,1,2
25,21,2.7,19,1,1,2
66,31,4.3,26,1,1,2
45,45,3.3,39,1,1,2
54,56,2.8,22,1,1,2
37,97,3.2,14,1,1,2
54,100,3.6,50,1,1,2
50,96,4.0,33,1,1,2
25,99,4.9,48,1,1,2
47,91,4.0,48,1,1,2
63,30,3.8,27,1,1,2
64,65,3.7,27,1,1,2
18,93,3.9,20,1,1,2
59,81,3.3,48,1,1,2
37,81,2.7,29,1,1,2
23,52,4.7,45,1,1,2
54,88,2.8,25,1,1,2
38,24,4.6,25,1,1,2
19,51,4.5,37,1,1,2
34,38,5.0,16,1,1,2
21,46,4.1,30,1,1,2
50,63,4.6,6,1,1,2
55,72,4.9,36,1,1,2
20,39,3.9,3,1,1,2
34,42,3.9,29,1,1,2
62,76,2.6,15,1,1,2
21,66,2.7,18,1,1,2
21,90,3.5,2,1,1,2
42,56,3.7,49,1,1,2
35,43,3.2,48,1,1,2
39,84,3.3,43,1,1,2
68,88,4.8,30,1,1,2
46,88,3.2,10,1,1,2
41,42,2.5,11,1,1,2
23,73,3.9,12,1,1,2
68,73,4.7,28,1,1,2
48,44,2.6,36,1,1,2
38,63,2.8,37,1,1,2
41,68,4.4,22,1,1,2
58,29,4.6,32,1,1,2
49,85,3.2,40,1,1,2
57,42,4.2,47,1,1,2
49,69,3.7,24,1,1,2
50,62,3.9,11,1,1,2
28,48,4.7,19,1,1,2
38,68,4.5,42,1,1,2
33,36,3.3,6,1,1,2
30,63,3.3,31,1,1,2
43,39,4.6,31,1,1,2
43,78,3.6,27,1,1,2
36,99,4.8,24,1,1,2
36,31,4.8,35,1,1,2
64,45,2.9,21,1,1,2
59,30,2.8,8,1,1,2
55,24,3.2,26,1,1,2
42,22,3.9,26,1,1,2
61,63,4.3,9,1,1,2
28,40,2.7,48,1,1,2
65,20,5.0,33,1,1,2
27,20,3.7,31,1,1,2
41,80,3.9,17,1,1,2
21,87,3.9,22,1,1,2
61,46,3.1,8,1,1,2
19,49,3.3,2,1,1,2
22,65,3.6,45,1,1,2
64,62,4.3,47,1,1,2
28,67,4.5,7,1,1,2
34,41,2.8,19,1,1,2
61,49,2.7,44,1,1,2
24,100,2.9,16,1,1,2
19,54,4.4,17,1,1,2
51,84,3.9,20,1,1,2
36,41,3.5,50,1,1,2
65,88,2.5,37,1,1,2
46,40,4.9,5,1,1,2
59,39,4.8,44,1,1,2
51,37,3.2,41,1,1,2
51,52,4.9,19,1,1,2
21,23,4.3,47,1,1,2
34,88,3.2,40,1,1,2
32,84,3.7,6,1,1,2
48,37,3.2,25,1,1,2
50,51,3.4,42,1,1,2
26,76,4.1,35,1,1,2
57,60,4.5,17,1,1,2
65,72,4.5,4,1,1,2
56,45,3.2,24,1,1,2
44,84,4.4,16,1,1,2
50,49,3.0,14,1,1,2
27,22,3.2,43,1,1,2
49,48,4.0,49,1,1,2
49,37,3.1,33,1,1,2
52,27,2.8,45,1,1,2
27,79,4.6,35,1,1,2
53,98,4.3,11,1,1,2
34,64,3.3,30,1,1,2
33,32,3.5,48,1,1,2
62,74,3.4,45,1,1,2
38,50,2.8,26,1,1,2
36,64,4.6,41,1,1,2
31,29,3.6,37,1,1,2
62,62,3.3,12,1,1,2
29,78,3.1,27,1,1,2
24,94,3.5,18,1,1,2
63,59,3.2,15,1,1,2
56,47,3.0,34,1,1,2
63,57,4.8,37,1,1,2
40,90,5.0,21,1,1,2
18,60,2.9,31,1,1,2
50,77,3.2,43,1,1,2
66,41,2.9,22,1,1,2
25,48,3.3,12,1,1,2
65,65,2.6,25,1,1,2
53,62,3.5,40,1,1,2
61,99,4.4,16,1,1,2
67,58,3.4,30,1,1,2
59,43,4.2,10,1,1,2
55,93,3.6,1,1,1,2
21,50,3.0,24,1,1,2
44,88,4.0,36,1,1,2
65,33,4.4,46,1,1,2
65,99,4.1,20,1,1,2
54,76,3.6,37,1,1,2
56,97,4.6,26,1,1,2
58,68,3.2,23,1,1,2
54,79,4.8,20,1,1,2
58,86,4.8,38,1,1,2
48,68,5.0,5,1,1,2
19,52,3.7,41,1,1,2
69,90,4.6,22,1,1,2
58,41,3.7,48,1,1,2
49,80,4.1,10,1,1,2
32,100,2.7,12,1,1,2
40,77,4.9,2,1,1,2
25,78,4.0,38,1,1,2
70,94,4.7,20,1,1,2
69,23,2.8,5,1,1,2
45,20,4.9,9,1,1,2
29,86,4.2,48,1,1,2
47,60,3.0,9,1,1,2
28,70,3.4,40,1,1,2
64,39,4.6,30,1,1,2
47,37,4.2,6,1,1,2
60,29,3.2,42,1,1,2
67,35,4.4,9,1,1,2
35,83,2.5,6,1,1,2
30,77,3.6,47,1,1,2
23,37,4.5,36,1,1,2
70,69,3.4,19,1,1,2
21,66,3.2,30,1,1,2
51,26,4.2,27,1,1,2
22,63,5.0,25,1,1,2
32,38,4.7,5,1,1,2
37,58,4.2,10,1,1,2
31,46,3.4,26,1,1,2
44,92,4.4,11,1,1,2
40,32,4.2,17,1,1,2
27,90,4.5,44,1,1,2
47,23,2.8,44,1,1,2
41,25,3.3,21,1,1,2
51,54,4.6,49,1,1,2
53,72,2.5,27,1,1,2
43,33,4.7,19,1,1,2
67,43,4.6,33,1,1,2
61,51,2.6,46,1,1,2
68,85,4.0,21,1,1,2
67,100,2.6,23,1,1,2
29,72,4.6,38,1,1,2
50,57,2.6,2,1,1,2
61,94,4.0,21,1,1,2
19,34,4.6,1,1,1,2
33,89,3.7,10,1,1,2
51,27,4.4,45,1,1,2
69,63,4.0,44,1,1,2
19,70,4.7,48,1,1,2
55,87,3.4,21,1,1,2
49,79,4.0,1,1,1,2
31,79,3.9,10,1,1,2
42,44,4.1,24,1,1,2
69,85,3.7,29,1,1,2
26,90,4.7,11,1,1,2
41,94,4.3,33,1,1,2
55,68,4.1,27,1,1,2
35,51,3.9,19,1,1,2
66,33,2.9,50,1,1,2
36,60,3.9,46,1,1,2
27,59,4.3,28,1,1,2
41,30,2.8,14,1,1,2
21,20,3.4,46,1,1,2
53,20,2.7,41,1,1,2
54,24,4.0,50,1,1,2
53,88,4.4,28,1,1,2
47,78,3.9,23,1,1,2
64,25,2.8,14,1,1,2
18,57,3.2,10,1,1,2
68,93,4.3,37,1,1,2
62,42,4.2,15,1,1,2
51,54,4.9,19,1,1,2
54,70,3.7,23,1,1,2
22,31,4.1,35,1,1,2
53,93,4.2,33,1,1,2
34,40,3.9,12,1,1,2
32,32,2.9,41,1,1,2
64,27,3.1,27,1,1,2
20,68,3.6,45,1,1,2
24,59,4.4,23,1,1,2
20,36,3.1,19,1,1,2
42,23,3.9,6,1,1,2
48,80,4.3,6,1,1,2
62,37,4.9,20,1,1,2
62,52,3.6,8,1,1,2
50,79,5.0,39,1,1,2
57,68,4.1,39,1,1,2
24,98,2.8,39,1,1,2
59,83,4.7,23,1,1,2
63,83,4.4,41,1,1,2
41,55,4.9,50,1,1,2
35,26,3.1,30,1,1,2
34,76,2.6,32,1,1,2
49,85,2.9,35,1,1,2
43,89,3.3,45,1,1,2
63,41,4.8,37,1,1,2
38,30,4.7,45,1,1,2
59,53,3.3,29,1,1,2
35,66,4.2,27,1,1,2
48,33,4.7,36,1,1,2
64,86,2.6,9,1,1,2
28,60,2.9,38,1,1,2
60,62,2.7,41,1,1,2
27,74,3.3,25,1,1,2
56,95,3.4,37,1,1,2
58,25,4.2,3,1,1,2
30,59,3.8,24,1,1,2
23,29,4.0,49,1,1,2
33,36,2.7,3,1,1,2
63,82,4.7,42,1,1,2
70,71,3.5,32,1,1,2
70,35,3.0,33,1,1,2
19,38,3.3,46,1,1,2
25,59,4.7,44,1,1,2
19,91,4.7,35,1,1,2
25,68,4.8,45,1,1,2
60,21,2.9,37,1,1,2
35,95,4.0,40,1,1,2
46,52,3.1,30,1,1,2
41,21,3.5,38,1,1,2
30,67,3.7,15,1,1,2
44,42,2.8,49,1,1,2
61,63,4.6,40,1,1,2
55,41,3.8,40,1,1,2
50,46,2.6,5,1,1,2
57,79,4.1,5,1,1,2
51,90,3.3,5,1,1,2
18,71,3.4,1,1,1,2
63,87,3.0,21,1,1,2
34,66,3.2,18,1,1,2
25,90,4.5,49,1,1,2
46,47,4.8,27,1,1,2
59,38,3.7,21,1,1,2
37,50,3.4,19,1,1,2
49,79,4.6,23,1,1,2
22,91,4.1,26,1,1,2
64,60,3.5,13,1,1,2
42,81,3.8,36,1,1,2
37,90,2.6,39,1,1,2
26,70,4.4,40,1,1,2
33,63,2.6,37,1,1,2
30,29,3.6,9,1,1,2
21,90,4.2,7,1,1,2
22,22,4.6,25,1,1,2
63,22,3.3,42,1,1,2
33,62,3.4,19,1,1,2
43,57,4.4,41,1,1,2
27,32,4.3,50,1,1,2
35,53,3.5,43,1,1,2
37,79,4.7,36,1,1,2
61,61,3.1,33,1,1,2
32,78,3.6,20,1,1,2
62,97,4.8,37,1,1,2
29,78,3.7,12,1,1,2
41,56,3.2,46,1,1,2
48,25,3.9,28,1,1,2
43,28,3.5,30,1,1,2
34,57,2.8,28,1,1,2
45,36,2.7,20,1,1,2
65,69,3.1,39,1,1,2
61,48,3.6,48,1,1,2
18,58,2.9,32,1,1,2
47,24,3.6,28,1,1,2
56,31,3.5,27,1,1,2
64,29,3.5,26,1,1,2
26,69,2.8,22,1,1,2
22,79,4.7,23,1,1,2
64,39,3.1,21,1,1,2
21,84,4.9,36,1,1,2
67,66,4.1,42,1,1,2
46,92,4.7,4,1,1,2
40,45,2.5,47,1,1,2
51,74,4.4,13,1,1,2
35,39,3.9,8,1,1,2
56,71,3.7,11,1,1,2
25,95,3.4,5,1,1,2
65,72,4.8,1,1,1,2
39,85,4.2,17,1,1,2
47,54,3.4,27,1,1,2
36,41,2.9,3,1,1,2
66,24,3.3,22,1,1,2
62,99,4.8,24,1,1,2
41,32,3.8,18,1,1,2
66,71,4.6,39,1,1,2
51,49,2.6,25,1,1,2
33,50,3.4,6,1,1,2
57,91,4.2,26,1,1,2
45,46,3.9,43,1,1,2
61,50,2.9,6,1,1,2
55,39,4.2,6,1,1,2
54,99,3.0,13,1,1,2
57,48,3.6,13,1,1,2
27,77,2.5,11,1,1,2
64,95,2.6,45,1,1,2
52,100,4.3,8,1,1,2
19,54,3.3,8,1,1,2
22,68,2.6,34,1,1,2
18,22,3.6,40,1,1,2
29,84,2.6,14,1,1,2
42,46,3.5,11,1,1,2
49,53,3.0,8,1,1,2
49,60,5.0,8,1,1,2
55,32,2.5,37,1,1,2
29,50,2.9,23,1,1,2
60,94,4.6,38,1,1,2
34,26,3.6,38,1,1,2
30,44,3.0,12,1,1,2
28,57,4.5,15,1,1,2
63,65,4.5,38,1,1,2
31,72,3.2,41,1,1,2
46,62,4.0,37,1,1,2
70,21,4.8,16,1,1,2
53,85,3.7,25,1,1,2
50,51,3.8,18,1,1,2
33,84,2.7,4,1,1,2
22,37,4.9,12,1,1,2
50,44,3.1,35,1,1,2
34,45,4.2,45,1,1,2
24,35,3.8,16,1,1,2
69,50,4.2,10,1,1,2
39,26,4.6,34,1,1,2
42,78,4.0,43,1,1,2
42,82,4.0,38,1,1,2
29,39,3.8,48,1,1,2
55,55,3.3,31,1,1,2
32,20,2.6,20,1,1,2
25,29,4.9,12,1,1,2
38,41,3.5,2,1,1,2
32,38,2.8,30,1,1,2
43,47,2.6,28,1,1,2
41,30,3.7,40,1,1,2
56,56,2.7,46,1,1,2
27,89,3.3,15,1,1,2
46,96,4.6,38,1,1,2
48,81,4.9,30,1,1,2
52,83,4.9,32,1,1,2
18,35,2.7,36,1,1,2
64,56,3.2,32,1,1,2
54,45,2.9,14,1,1,2
31,62,3.8,8,1,1,2
30,84,3.0,27,1,1,2
26,24,3.9,24,1,1,2
25,21,4.7,30,1,1,2
59,91,4.9,34,1,1,2
55,36,4.8,28,1,1,2
56,39,2.5,27,1,1,2
62,39,3.9,31,1,1,2
35,59,3.4,23,1,1,2
51,27,2.5,11,1,1,2
61,94,3.0,48,1,1,2
27,94,3.6,17,1,1,2
54,94,3.6,36,1,1,2
31,51,4.1,33,1,1,2
24,62,3.7,27,1,1,2
42,57,3.1,14,1,1,2
41,76,4.2,5,1,1,2
66,63,4.3,47,1,1,2
58,80,2.5,28,1,1,2
43,68,3.5,11,1,1,2
52,89,3.1,18,1,1,2
35,26,2.5,21,1,1,2
23,90,3.9,22,1,1,2
25,28,4.9,33,1,1,2
33,29,4.3,49,1,1,2
48,31,2.6,10,1,1,2
42,24,4.2,18,1,1,2
55,88,2.6,28,1,1,2
59,87,3.6,25,1,1,2
65,80,3.2,6,1,1,2
59,48,4.4,44,1,1,2
31,21,3.7,30,1,1,2
49,72,3.7,42,1,1,2
53,44,4.1,30,1,1,2
48,73,3.6,33,1,1,2
23,61,4.3,24,1,1,2
68,20,2.6,13,1,1,2
35,86,2.9,19,1,1,2
34,60,4.2,23,1,1,2
62,43,4.0,35,1,1,2
21,44,4.3,22,1,1,2
70,76,3.0,14,1,1,2
55,33,3.5,47,1,1,2
43,60,3.0,50,1,1,2
19,26,3.1,33,1,1,2
47,73,4.0,7,1,1,2
26,87,4.1,3,1,1,2
46,100,3.3,35,1,1,2
19,84,4.9,13,1,1,2
49,41,3.9,42,1,1,2
51,59,3.9,5,1,1,2
64,26,4.8,23,1,1,2
67,69,2.7,11,1,1,2
37,20,3.1,23,1,1,2
40,83,3.2,2,1,1,2
38,54,2.7,33,1,1,2
66,66,2.5,6,1,1,2
47,42,2.6,45,1,1,2
56,33,2.9,25,1,1,2
51,77,4.2,24,1,1,2
25,65,4.4,10,1,1,2
37,39,4.1,7,1,1,2
41,51,3.8,1,1,1,2
64,65,4.9,45,1,1,2
23,89,4.9,37,1,1,2
62,76,4.1,14,1,1,2
39,75,3.1,25,1,1,2
52,61,2.7,18,1,1,2
50,35,3.8,37,1,1,2
28,37,4.3,30,1,1,2
67,91,4.1,34,1,1,2
41,99,4.4,49,1,1,2
19,54,3.6,48,1,1,2
70,47,3.3,33,1,1,2
49,77,3.6,44,1,1,2
59,84,2.8,50,1,1,2
52,51,4.3,47,1,1,2
20,26,3.9,24,1,1,2
31,64,2.7,43,1,1,2
33,51,4.7,14,1,1,2
44,60,3.8,3,1,1,2
40,69,4.7,33,1,1,2
69,29,4.7,38,1,1,2
29,91,3.4,46,1,1,2
54,70,3.5,19,1,1,2
65,58,4.0,20,1,1,2
54,98,3.3,42,1,1,2
60,68,4.7,34,1,1,2
43,44,2.8,5,1,1,2
44,45,3.3,3,1,1,2
69,99,2.9,46,1,1,2
46,68,2.8,16,1,1,2
41,56,4.2,21,1,1,2
32,43,4.4,34,1,1,2
26,99,3.6,9,1,1,2
61,56,2.7,36,1,1,2
49,25,3.4,22,1,1,2
53,74,2.8,2,1,1,2
24,56,3.4,32,1,1,2
37,47,2.6,29,1,1,2
43,67,4.1,27,1,1,2
31,22,2.9,33,1,1,2
49,34,2.7,16,1,1,2
69,64,3.7,11,1,1,2
65,42,4.3,11,1,1,2
41,82,2.6,17,1,1,2
37,81,4.3,37,1,1,2
70,24,4.1,18,1,1,2
63,60,4.2,13,1,1,2
55,24,4.2,7,1,1,2
52,78,3.1,37,1,1,2
22,88,4.9,8,1,1,2
54,63,4.4,11,1,1,2
28,78,4.4,8,1,1,2
67,37,3.4,31,1,1,2
59,94,4.5,26,1,1,2
26,78,4.5,20,1,1,2
24,36,4.1,24,1,1,2
62,24,3.2,45,1,1,2
70,84,2.7,33,1,1,2
45,47,3.7,21,1,1,2
58,51,2.6,2,1,1,2
31,84,2.7,28,1,1,2
32,24,2.7,18,1,1,2
36,97,4.8,21,1,1,2
25,89,4.8,24,1,1,2
48,44,2.6,15,1,1,2
39,35,4.5,38,1,1,2
26,91,3.2,38,1,1,2
32,63,3.8,13,1,1,2
54,97,4.8,39,1,1,2
38,38,4.1,8,1,1,2
46,24,2.8,4,1,1,2
57,32,3.9,6,1,1,2
49,90,4.9,11,1,1,2
33,36,3.4,49,1,1,2
54,37,4.1,30,1,1,2
47,51,2.9,34,1,1,2
36,71,3.1,28,1,1,2
68,50,3.6,36,1,1,2
60,74,3.5,18,1,1,2
55,75,3.4,4,1,1,2
29,99,2.9,42,1,1,2
38,23,4.7,11,1,1,2
70,53,4.4,31,1,1,2
36,99,2.6,12,1,1,2
18,48,4.4,20,1,1,2
62,72,3.7,37,1,1,2
29,64,4.4,26,1,1,2
21,63,2.5,14,1,1,2
42,51,2.6,12,1,1,2
43,55,5.0,10,1,1,2
58,55,4.9,19,1,1,2
27,26,3.7,4,1,1,2
57,67,3.1,48,1,1,2
40,31,3.2,37,1,1,2
45,66,4.4,4,1,1,2
47,67,4.3,15,1,1,2
61,61,3.0,33,1,1,2
60,75,3.5,30,1,1,2
69,90,3.6,23,1,1,2
58,40,3.8,2,1,1,2
34,90,3.6,50,1,1,2
20,20,4.6,34,1,1,2
56,40,2.5,33,1,1,2
64,33,3.5,34,1,1,2
56,98,4.0,39,1,1,2
27,42,3.5,47,1,1,2
35,62,3.2,37,1,1,2
24,45,3.5,40,1,1,2
26,78,3.4,8,1,1,2
32,80,5.0,12,1,1,2
54,96,4.5,36,1,1,2
62,47,2.8,48,1,1,2
50,84,4.9,47,1,1,2
70,31,3.1,2,1,1,2
48,63,4.8,24,1,1,2
20,97,2.7,40,1,1,2
46,99,4.6,50,1,1,2
51,90,4.4,25,1,1,2
53,68,3.2,20,1,1,2
44,80,3.0,10,1,1,2
29,91,4.9,32,1,1,2
64,30,3.6,31,1,1,2
51,90,3.8,48,1,1,2
50,28,2.9,23,1,1,2
43,46,3.9,1,1,1,2
61,60,3.6,4,1,1,2
55,59,3.5,3,1,1,2
56,68,4.0,3,1,1,2
33,79,4.8,44,1,1,2
43,94,3.9,5,1,1,2
21,83,4.5,50,1,1,2
58,62,4.8,2,1,1,2
41,85,2.6,29,1,1,2
39,30,3.1,11,1,1,2
54,24,4.7,37,1,1,2
43,25,2.9,32,1,1,2
28,37,3.8,27,1,1,2
59,69,3.8,31,1,1,2
28,97,3.0,36,1,1,2
68,24,4.1,34,1,1,2
20,30,3.4,15,1,1,2
21,53,2.5,14,1,1,2
50,70,4.9,46,1,1,2
32,76,2.8,33,1,1,2
24,95,4.5,41,1,1,2
55,51,4.9,39,1,1,2
61,41,4.9,7,1,1,2
61,71,3.5,29,1,1,2
28,66,3.5,18,1,1,2
60,84,4.9,15,1,1,2
49,95,3.0,39,1,1,2
33,90,2.8,11,1,1,2
45,36,3.7,4,1,1,2
29,22,3.6,33,1,1,2
58,89,3.3,37,1,1,2
22,50,3.4,32,1,1,2
55,36,4.0,44,1,1,2
19,52,4.6,41,1,1,2
68,29,4.2,44,1,1,2
61,89,2.8,32,1,1,2
68,47,3.7,13,1,1,2
52,25,3.4,48,1,1,2
41,74,3.0,3,1,1,2
29,46,4.8,39,1,1,2
68,22,4.0,7,1,1,2
36,25,4.9,11,1,1,2
55,80,4.9,47,1,1,2
28,76,3.3,28,1,1,2
39,30,4.4,17,1,1,2
54,79,3.5,11,1,1,2
40,22,4.2,12,1,1,2
31,36,4.2,7,1,1,2
30,77,2.7,19,1,1,2
45,33,2.8,24,1,1,2
48,64,3.8,19,1,1,2
45,53,2.6,39,1,1,2
60,36,3.0,1,1,1,2
59,70,3.3,10,1,0,1
18,96,4.9,48,1,0,1
70,27,3.3,24,1,0,0
20,64,2.9,42,1,0,1
65,23,4.4,20,1,0,0
29,33,3.1,49,1,0,0
22,34,2.5,25,1,0,0
27,35,2.6,21,1,0,0
36,62,4.4,12,1,0,1
59,75,2.6,21,1,0,1
62,29,3.3,35,1,0,0
34,28,3.5,42,1,0,0
59,20,4.1,3,1,0,0
49,96,4.0,11,1,0,1
18,43,2.7,22,1,0,0
55,94,2.5,47,1,0,1
38,81,4.3,33,1,0,1
50,75,3.3,50,1,0,1
61,81,2.6,46,1,0,1
48,92,3.5,34,1,0,1
22,96,4.0,33,1,0,1
48,71,2.6,45,1,0,1
57,50,4.9,32,1,0,0
33,72,2.9,47,1,0,1
58,28,3.7,5,1,0,0
37,59,4.4,49,1,0,1
18,33,4.4,48,1,0,0
65,59,3.8,22,1,0,0
62,30,4.5,45,1,0,0
54,85,2.6,30,1,0,1
35,97,3.3,43,1,0,1
34,36,4.1,48,1,0,0
25,85,3.0,23,1,0,1
53,62,3.0,27,1,0,0
45,71,3.4,7,1,0,1
49,21,2.7,2,1,0,0
40,61,3.8,33,1,0,1
38,58,4.2,27,1,0,0
44,80,4.7,6,1,0,1
68,50,4.1,20,1,0,0
60,48,4.2,46,1,0,0
25,40,4.8,25,1,0,0
19,34,3.0,30,1,0,0
57,46,2.6,48,1,0,0
58,27,3.2,47,1,0,0
49,98,3.6,27,1,0,1
19,73,2.6,45,1,0,1
50,28,4.4,2,1,0,0
30,76,3.0,39,1,0,1
52,83,2.9,24,1,0,1
35,23,4.3,8,1,0,0
35,28,3.1,8,1,0,0
33,83,3.0,6,1,0,1
52,96,3.6,12,1,0,1
69,62,2.8,26,1,0,0
27,25,2.8,50,1,0,0
66,97,4.9,2,1,0,1
28,61,3.0,31,1,0,0
22,66,4.1,4,1,0,1
69,67,4.6,32,1,0,1
28,80,4.8,11,1,0,1
55,25,2.6,47,1,0,0
30,58,4.0,37,1,0,1
67,96,4.2,39,1,0,1
25,77,4.5,24,1,0,1
49,65,4.9,11,1,0,1
34,36,3.1,36,1,0,0
22,84,4.0,40,1,0,1
63,58,3.2,25,1,0,0
70,62,4.3,12,1,0,1
36,67,2.5,38,1,0,1
42,20,4.9,40,1,0,0
27,90,2.7,10,1,0,1
23,58,3.4,47,1,0,0
50,53,4.8,22,1,0,0
56,30,4.7,35,1,0,0
37,65,4.7,46,1,0,1
67,41,3.9,30,1,0,0
67,73,3.7,20,1,0,1
50,98,4.3,25,1,0,1
36,36,4.1,29,1,0,0
62,81,4.6,2,1,0,1
65,90,3.6,32,1,0,1
23,83,4.8,37,1,0,1
46,91,2.8,16,1,0,1
18,36,4.7,32,1,0,0
58,53,3.9,42,1,0,0
31,39,2.6,6,1,0,0
39,33,4.7,23,1,0,0
69,76,3.5,27,1,0,1
68,23,4.4,43,1,0,0
41,54,4.4,25,1,0,0
31,89,3.0,30,1,0,1
48,38,4.2,7,1,0,0
59,36,4.3,17,1,0,0
34,66,2.6,10,1,0,0
21,42,3.3,40,1,0,0
29,36,2.7,50,1,0,0
41,86,4.2,24,1,0,1
62,49,4.0,8,1,0,0
27,41,4.0,6,1,0,0
49,82,2.9,44,1,0,1
67,53,2.6,47,1,0,0
20,21,4.8,6,1,0,0
37,66,4.4,11,1,0,1
69,89,4.0,41,1,0,1
66,55,3.6,46,1,0,0
37,42,3.2,9,1,0,0
63,52,3.1,37,1,0,0
47,92,4.2,13,1,0,1
26,56,3.0,24,1,0,0
68,96,4.2,47,1,0,1
51,64,2.9,21,1,0,0
48,48,3.7,22,1,0,0
60,83,3.6,16,1,0,1
68,91,3.6,37,1,0,1
25,94,4.5,3,1,0,1
57,62,3.2,33,1,0,1
41,55,3.9,15,1,0,0
59,68,4.6,42,1,0,1
44,76,2.5,42,1,0,1
42,31,4.3,19,1,0,0
35,81,4.1,26,1,0,1
36,83,4.6,39,1,0,1
54,21,4.8,24,1,0,0
37,22,4.9,23,1,0,0
20,33,2.8,44,1,0,0
23,23,4.9,34,1,0,0
61,96,3.5,43,1,0,1
37,21,3.8,45,1,0,0
23,39,4.5,4,1,0,0
63,73,3.4,19,1,0,1
47,64,3.9,29,1,0,1
63,68,4.1,27,1,0,1
56,89,3.0,37,1,0,1
68,29,3.3,11,1,0,0
64,97,4.9,28,1,0,1
62,45,4.3,31,1,0,0
34,70,4.1,50,1,0,1
49,56,4.0,42,1,0,0
40,55,5.0,18,1,0,0
50,46,3.1,6,1,0,0
25,95,4.0,33,1,0,1
30,88,3.2,13,1,0,1
54,92,3.9,26,1,0,1
40,49,3.9,17,1,0,0
49,89,4.5,3,1,0,1
27,22,4.4,7,1,0,0
27,61,3.1,46,1,0,1
48,29,2.9,14,1,0,0
40,82,3.7,23,1,0,1
67,94,3.2,20,1,0,1
52,99,3.5,38,1,0,1
22,59,3.0,16,1,0,0
62,90,4.1,48,1,0,1
20,100,2.9,8,1,0,1
41,62,3.8,16,1,0,1
34,78,4.1,5,1,0,1
23,94,4.6,14,1,0,1
32,74,2.5,18,1,0,1
68,52,3.7,14,1,0,0
30,81,3.8,5,1,0,1
66,20,2.6,15,1,0,0
62,32,3.7,3,1,0,0
50,63,2.6,12,1,0,0
55,79,3.1,43,1,0,1
19,23,2.5,35,1,0,0
67,64,4.9,36,1,0,1
18,69,4.5,3,1,0,1
58,69,3.4,27,1,0,1
69,24,3.9,21,1,0,0
62,50,3.7,18,1,0,0
28,97,2.6,16,1,0,1
53,91,3.4,18,1,0,1
27,37,4.9,19,1,0,0
55,55,3.9,1,1,0,0
34,52,3.6,39,1,0,0
25,80,4.6,49,1,0,1
66,79,4.0,43,1,0,1
57,23,3.6,31,1,0,0
46,73,3.5,40,1,0,1
38,99,4.1,2,1,0,1
23,22,3.0,46,1,0,0
42,68,4.4,35,1,0,1
25,92,4.4,42,1,0,1
55,77,3.7,3,1,0,1
62,37,4.8,32,1,0,0
41,79,2.9,48,1,0,1
58,51,3.1,34,1,0,0
56,27,4.0,15,1,0,0
25,23,3.0,22,1,0,0
70,76,3.9,2,1,0,1
42,31,3.4,30,1,0,0
27,60,2.7,27,1,0,0
65,99,3.5,18,1,0,1
62,37,3.0,8,1,0,0
62,50,4.5,48,1,0,0
52,26,4.1,24,1,0,0
56,86,5.0,43,1,0,1
28,41,4.0,8,1,0,0
39,23,4.9,49,1,0,0
54,56,3.3,2,1,0,0
30,68,4.1,38,1,0,1
45,48,3.6,4,1,0,0
68,67,3.0,31,1,0,1
47,87,4.1,34,1,0,1
68,64,3.9,45,1,0,1
63,93,4.1,30,1,0,1
20,29,2.8,2,1,0,0
29,62,4.8,44,1,0,1
41,70,4.6,1,1,0,1
52,92,2.5,1,1,0,1
32,79,2.7,27,1,0,1
20,31,4.0,14,1,0,0
47,83,2.7,41,1,0,1
23,88,2.9,25,1,0,1
43,53,3.0,47,1,0,0
67,98,3.3,20,1,0,1
70,57,4.3,42,1,0,1
35,80,4.4,16,1,0,1
41,29,4.1,32,1,0,0
54,73,3.1,37,1,0,1
55,32,4.5,1,1,0,0
51,68,4.8,37,1,0,1
19,97,5.0,5,1,0,1
28,98,2.8,31,1,0,1
63,56,3.7,18,1,0,0
30,78,4.4,39,1,0,1
29,81,4.5,8,1,0,1
24,68,3.0,20,1,0,1
69,94,3.9,23,1,0,1
65,93,3.9,38,1,0,1
64,99,3.5,45,1,0,1
40,49,4.9,44,1,0,0
24,28,3.4,20,1,0,0
66,93,4.1,34,1,0,1
35,24,2.9,10,1,0,0
67,35,3.4,3,1,0,0
69,68,3.2,23,1,0,1
26,61,3.9,42,1,0,1
23,74,4.1,30,1,0,1
27,64,4.5,21,1,0,1
30,60,2.8,50,1,0,0
48,29,2.8,16,1,0,0
44,85,4.6,32,1,0,1
29,81,3.0,14,1,0,1
29,23,3.6,42,1,0,0
67,100,4.5,47,1,0,1
42,54,5.0,21,1,0,0
23,25,2.9,37,1,0,0
34,32,3.1,10,1,0,0
64,63,4.0,18,1,0,1
31,56,4.5,2,1,0,0
54,33,4.5,40,1,0,0
23,32,3.1,43,1,0,0
59,38,4.4,14,1,0,0
32,21,4.7,41,1,0,0
43,59,3.1,38,1,0,0
32,87,4.2,12,1,0,1
66,79,3.0,19,1,0,1
70,28,2.6,23,1,0,0
42,67,3.4,49,1,0,1
56,75,4.2,29,1,0,1
28,32,4.6,14,1,0,0
28,43,2.8,19,1,0,0
52,93,2.7,19,1,0,1
65,24,4.0,48,1,0,0
56,31,3.1,19,1,0,0
59,84,3.7,45,1,0,1
23,74,4.0,17,1,0,1
58,62,4.6,15,1,0,1
39,77,3.8,11,1,0,1
28,73,3.5,1,1,0,1
40,50,4.6,17,1,0,0
52,40,2.8,37,1,0,0
37,97,3.7,40,1,0,1
70,63,3.3,50,1,0,1
30,65,2.9,20,1,0,1
38,91,3.2,8,1,0,1
66,60,4.3,16,1,0,1
29,69,2.7,9,1,0,1
46,52,4.2,12,1,0,0
56,49,4.8,26,1,0,0
23,85,4.8,44,1,0,1
37,86,3.4,19,1,0,1
56,51,2.6,43,1,0,0
36,56,5.0,5,1,0,0
40,72,4.4,5,1,0,1
26,27,2.9,31,1,0,0
57,43,3.4,11,1,0,0
68,56,3.4,34,1,0,0
56,37,4.9,14,1,0,0
40,21,3.6,42,1,0,0
44,91,3.0,15,1,0,1
44,95,3.9,47,1,0,1
19,54,3.2,23,1,0,0
21,36,3.2,23,1,0,0
31,71,4.3,1,1,0,1
30,31,2.8,28,1,0,0
65,89,4.5,37,1,0,1
39,83,4.1,4,1,0,1
64,42,3.6,21,1,0,0
59,91,3.0,50,1,0,1
49,61,4.0,34,1,0,1
24,66,3.5,20,1,0,1
19,22,2.5,25,1,0,0
27,68,4.3,26,1,0,1
56,43,2.8,4,1,0,0
49,32,3.7,39,1,0,0
41,46,4.3,29,1,0,0
36,90,4.0,47,1,0,1
68,75,4.7,5,1,0,1
28,69,4.5,18,1,0,1
45,40,3.1,10,1,0,0
60,63,3.8,25,1,0,1
21,36,4.9,2,1,0,0
32,75,3.2,48,1,0,1
27,67,2.9,41,1,0,1
40,64,2.8,42,1,0,1
64,61,4.0,44,1,0,1
18,40,2.6,6,1,0,0
22,97,2.7,5,1,0,1
42,31,4.1,8,1,0,0
57,65,5.0,24,1,0,1
33,54,3.0,42,1,0,0
37,49,3.6,24,1,0,0
21,64,2.8,38,1,0,1
51,35,4.6,41,1,0,0
30,86,2.9,48,1,0,1
68,55,4.8,16,1,0,0
36,58,3.3,4,1,0,0
46,96,4.6,8,1,0,1
41,64,2.6,1,1,0,0
68,56,4.0,4,1,0,0
21,85,3.8,20,1,0,1
62,23,3.9,40,1,0,0
59,72,2.6,8,1,0,1
25,38,4.3,42,1,0,0
53,29,3.6,38,1,0,0
31,46,4.2,34,1,0,0
46,58,3.9,14,1,0,0
26,43,4.7,39,1,0,0
47,32,2.8,40,1,0,0
37,30,3.0,49,1,0,0
55,67,4.7,33,1,0,1
30,45,2.5,25,1,0,0
19,81,3.1,48,1,0,1
36,23,3.6,22,1,0,0
23,59,3.5,1,1,0,0
62,21,3.1,47,1,0,0
26,20,3.6,20,1,0,0
36,28,3.5,10,1,0,0
33,100,2.7,39,1,0,1
32,46,3.6,15,1,0,0
56,61,4.5,11,1,0,1
58,58,4.1,38,1,0,1
34,50,4.2,41,1,0,0
61,93,4.0,18,1,0,1
48,24,2.8,13,1,0,0
25,100,2.6,43,1,0,1
51,79,2.7,12,1,0,1
29,51,4.5,3,1,0,0
54,90,3.7,12,1,0,1
48,56,3.4,46,1,0,0
62,25,4.6,21,1,0,0
18,75,4.1,23,1,0,1
43,75,2.6,4,1,0,1
22,53,4.6,45,1,0,0
68,100,3.0,24,1,0,1
44,27,3.4,3,1,0,0
51,60,3.5,12,1,0,0
66,23,3.5,34,1,0,0
59,40,3.7,39,1,0,0
60,38,4.8,35,1,0,0
31,90,4.9,8,1,0,1
20,97,4.9,42,1,0,1
24,38,4.7,6,1,0,0
48,30,4.9,3,1,0,0
39,88,2.9,29,1,0,1
34,33,4.4,32,1,0,0
70,60,3.2,45,1,0,0
59,64,4.6,21,1,0,1
45,95,4.0,41,1,0,1
35,83,3.7,23,1,0,1
69,97,4.2,14,1,0,1
58,38,2.9,24,1,0,0
25,48,4.8,25,1,0,0
27,76,4.4,13,1,0,1
34,25,3.4,3,1,0,0
53,92,2.8,42,1,0,1
58,47,4.2,2,1,0,0
32,36,3.8,26,1,0,0
64,51,3.1,24,1,0,0
63,35,3.2,6,1,0,0
23,57,3.0,25,1,0,0
64,95,3.6,11,1,0,1
18,41,2.5,20,1,0,0
25,44,3.4,25,1,0,0
54,34,2.5,35,1,0,0
60,25,4.7,11,1,0,0
36,93,3.2,41,1,0,1
66,50,2.9,17,1,0,0
60,79,4.9,1,1,0,1
59,100,2.7,30,1,0,1
58,57,4.7,47,1,0,1
35,28,2.9,34,1,0,0
20,35,4.8,18,1,0,0
70,85,4.6,33,1,0,1
54,95,5.0,42,1,0,1
38,90,4.8,2,1,0,1
54,49,4.9,1,1,0,0
33,92,4.6,23,1,0,1
46,72,3.9,42,1,0,1
58,71,4.5,3,1,0,1
30,27,4.7,16,1,0,0
42,39,3.9,46,1,0,0
28,98,4.4,31,1,0,1
43,27,3.9,15,1,0,0
31,71,2.8,48,1,0,1
39,24,3.5,11,1,0,0
69,63,4.3,20,1,0,1
31,72,3.9,6,1,0,1
44,61,4.0,24,1,0,1
39,56,4.1,18,1,0,0
24,32,4.3,1,1,0,0
28,23,4.2,13,1,0,0
48,100,4.0,2,1,0,1
39,74,3.6,26,1,0,1
64,33,3.3,31,1,0,0
28,67,4.1,43,1,0,1
39,61,4.7,12,1,0,1
49,46,4.4,22,1,0,0
22,56,3.4,3,1,0,0
25,73,5.0,23,1,0,1
40,44,4.6,26,1,0,0
23,44,4.0,37,1,0,0
24,26,4.1,42,1,0,0
66,52,4.9,15,1,0,0
27,54,2.7,10,1,0,0
62,38,4.5,3,1,0,0
70,44,2.7,44,1,0,0
43,76,3.0,23,1,0,1
45,23,4.5,6,1,0,0
63,98,5.0,9,1,0,1
69,33,3.8,16,1,0,0
59,32,3.1,46,1,0,0
19,85,3.4,24,1,0,1
63,69,4.8,22,1,0,1
37,55,2.7,13,1,0,0
37,66,3.2,20,1,0,1
50,30,3.9,46,1,0,0
60,80,4.2,10,1,0,1
46,20,3.0,39,1,0,0
35,30,3.0,44,1,0,0
66,86,3.7,7,1,0,1
35,84,4.4,3,1,0,1
20,54,4.6,44,1,0,0
55,30,3.0,31,1,0,0
34,91,3.6,48,1,0,1
60,23,3.9,18,1,0,0
22,35,4.1,27,1,0,0
26,90,3.9,1,1,0,1
39,93,3.9,34,1,0,1
20,68,4.5,5,1,0,1
57,41,3.4,12,1,0,0
68,73,4.1,14,1,0,1
50,73,4.9,40,1,0,1
21,66,4.4,39,1,0,1
29,59,2.7,50,1,0,0
38,72,4.8,5,1,0,1
54,88,3.3,35,1,0,1
22,76,4.4,6,1,0,1
29,31,4.6,22,1,0,0
41,22,3.1,27,1,0,0
26,75,4.5,33,1,0,1
69,75,4.0,47,1,0,1
20,63,3.1,48,1,0,1
59,21,3.9,22,1,0,0
63,83,4.5,8,1,0,1
68,46,4.4,5,1,0,0
50,59,3.6,16,1,0,0
55,66,3.4,26,1,0,1
36,74,4.0,8,1,0,1
18,82,2.6,17,1,0,1
68,89,3.2,50,1,0,1
56,65,3.2,22,1,0,1
32,55,5.0,19,1,0,0
28,95,2.9,14,1,0,1
24,77,2.9,35,1,0,1
59,44,3.5,43,1,0,0
56,89,4.0,24,1,0,1
30,24,3.9,17,1,0,0
48,43,4.9,49,1,0,0
60,51,3.8,17,1,0,0
46,46,3.5,40,1,0,0
69,32,3.7,43,1,0,0
19,55,2.9,19,1,0,0
66,26,2.8,40,1,0,0
64,29,3.7,13,1,0,0
54,49,3.0,20,1,0,0
27,45,4.8,21,1,0,0
64,48,2.7,18,1,0,0
43,47,4.5,44,1,0,0
43,57,2.7,26,1,0,0
27,34,3.5,34,1,0,0
35,75,3.5,24,1,0,1
43,94,4.5,23,1,0,1
57,84,3.8,3,1,0,1
50,38,3.8,2,1,0,0
37,75,3.2,23,1,0,1
68,44,4.3,8,1,0,0
22,33,4.5,30,1,0,0
58,93,4.2,48,1,0,1
48,99,3.0,21,1,0,1
30,33,4.1,9,1,0,0
51,76,4.6,8,1,0,1
20,63,2.9,29,1,0,0
30,41,4.8,3,1,0,0
28,88,4.5,11,1,0,1
37,92,3.4,16,1,0,1
36,31,4.3,25,1,0,0
18,25,4.2,32,1,0,0
52,28,3.6,28,1,0,0
56,75,3.7,36,1,0,1
68,34,4.0,7,1,0,0
62,97,4.9,2,1,0,1
35,80,3.1,6,1,0,1
65,71,3.7,30,1,0,1
69,77,4.2,46,1,0,1
28,41,2.5,39,1,0,0
37,92,4.3,8,1,0,1
41,95,3.1,46,1,0,1
37,25,3.0,40,1,0,0
25,77,4.0,21,1,0,1
41,99,3.5,33,1,0,1
48,24,3.2,3,1,0,0
42,72,2.7,48,1,0,1
54,80,3.0,8,1,0,1
18,100,2.9,24,1,0,1
56,83,3.3,10,1,0,1
61,95,4.9,25,1,0,1
40,41,3.7,3,1,0,0
34,35,3.5,45,1,0,0
42,30,4.7,15,1,0,0
43,21,2.6,34,1,0,0
47,85,4.1,21,1,0,1
48,54,2.8,22,1,0,0
20,26,4.7,24,1,0,0
65,59,2.9,33,1,0,0
54,48,2.8,13,1,0,0
23,98,4.3,17,1,0,1
18,92,4.8,25,1,0,1
70,46,3.4,15,1,0,0
55,21,4.3,4,1,0,0
49,72,2.7,43,1,0,1
26,58,4.6,12,1,0,0
33,93,4.1,3,1,0,1
20,31,3.4,1,1,0,0
41,26,4.5,6,1,0,0
18,68,4.4,26,1,0,1
26,31,4.0,6,1,0,0
30,41,3.4,22,1,0,0
64,62,3.2,45,1,0,1
26,41,3.4,50,1,0,0
43,64,4.3,50,1,0,1
63,72,5.0,39,1,0,1
57,78,3.5,50,1,0,1
25,47,3.1,27,1,0,0
68,46,3.9,38,1,0,0
31,43,4.0,37,1,0,0
64,58,3.5,50,1,0,0
38,32,3.6,40,1,0,0
34,45,3.0,3,1,0,0
32,35,2.6,45,1,0,0
69,21,2.9,8,1,0,0
45,64,3.1,7,1,0,0
35,88,3.3,13,1,0,1
63,48,2.9,29,1,0,0
65,36,3.9,7,1,0,0
35,28,4.7,50,1,0,0
54,80,4.4,33,1,0,1
28,23,3.6,30,1,0,0
68,24,3.2,40,1,0,0
58,22,4.0,49,1,0,0
35,21,3.5,32,1,0,0
68,51,4.6,18,1,0,0
41,65,3.3,50,1,0,1
65,51,4.0,13,1,0,0
50,32,3.4,1,1,0,0
18,70,4.2,16,1,0,1
38,77,3.9,6,1,0,1
68,90,3.9,21,1,0,1
53,36,2.8,36,1,0,0
58,77,3.7,20,1,0,1
34,78,4.9,8,1,0,1
36,69,2.6,22,1,0,1
58,63,4.9,3,1,0,1
60,36,3.4,46,1,0,0
59,80,3.9,42,1,0,1
65,35,4.0,1,1,0,0
31,93,3.0,29,1,0,1
43,25,2.6,14,1,0,0
37,81,3.2,4,1,0,1
21,42,2.6,41,1,0,0
69,36,3.2,4,1,0,0
32,66,4.1,47,1,0,1
53,37,3.9,44,1,0,0
59,45,4.1,37,1,0,0
64,86,2.7,21,1,0,1
63,24,4.6,46,1,0,0
43,22,3.5,1,1,0,0
19,53,5.0,35,1,0,0
40,41,3.4,49,1,0,0
51,64,3.1,47,1,0,1
51,40,3.4,24,1,0,0
66,33,4.0,28,1,0,0
42,59,2.7,22,1,0,0
22,73,3.6,20,1,0,1
31,22,4.0,25,1,0,0
18,73,3.8,15,1,0,1
21,62,3.4,49,1,0,1
35,56,3.2,10,1,0,0
35,90,4.7,21,1,0,1
27,44,3.1,34,1,0,0
65,35,3.3,41,0,0,0
41,71,4.8,30,0,0,1
60,52,4.5,24,0,0,0
61,37,3.4,6,0,0,0
24,95,3.7,14,0,0,1
65,97,4.9,37,0,0,1
23,57,3.5,37,0,0,0
30,93,4.6,28,0,0,1
33,48,4.6,43,0,0,0
22,75,4.2,25,0,0,1
67,70,3.7,4,0,0,1
28,26,3.0,13,0,0,0
32,73,4.6,32,0,0,1
40,30,3.2,1,0,0,0
64,61,3.5,4,0,0,0
56,75,2.6,33,0,0,1
63,88,4.9,45,0,0,1
20,67,2.7,20,0,0,1
54,95,4.7,1,0,0,1
31,69,4.0,7,0,0,1
36,87,3.5,48,0,0,1
25,41,4.8,46,0,0,0
20,67,4.0,34,0,0,1
62,70,4.1,36,0,0,1
69,41,3.8,44,0,0,0
54,83,5.0,48,0,0,1
39,22,4.0,12,0,0,0
56,20,3.9,19,0,0,0
39,29,3.4,49,0,0,0
37,87,3.0,25,0,0,1
25,81,4.9,25,0,0,1
35,58,3.2,1,0,0,0
45,83,3.8,19,0,0,1
19,59,3.8,7,0,0,0
21,93,4.7,19,0,0,1
65,87,3.8,9,0,0,1
49,22,4.6,37,0,0,0
30,71,4.4,15,0,0,1
23,69,3.4,30,0,0,1
69,47,4.7,30,0,0,0
29,50,2.9,16,0,0,0
54,96,3.4,14,0,0,1
45,39,3.2,8,0,0,0
25,84,2.8,40,0,0,1
34,28,4.3,24,0,0,0
46,51,3.3,14,0,0,0
70,20,3.3,39,0,0,0
42,72,3.3,21,0,0,1
45,33,3.0,32,0,0,0
57,28,2.8,45,0,0,0
49,53,4.0,19,0,0,0
23,48,4.3,1,0,0,0
47,21,3.8,12,0,0,0
23,22,4.2,26,0,0,0
21,87,3.1,12,0,0,1
45,50,2.6,36,0,0,0
67,85,3.4,22,0,0,1
31,98,3.1,16,0,0,1
58,34,3.6,31,0,0,0
57,61,2.6,43,0,0,0
42,98,4.2,50,0,0,1
60,61,2.9,37,0,0,0
21,98,4.2,23,0,0,1
69,21,3.3,10,0,0,0
41,51,3.6,20,0,0,0
51,80,4.3,18,0,0,1
23,72,3.3,3,0,0,1
57,63,3.0,23,0,0,1
40,27,3.6,27,0,0,0
65,44,3.1,44,0,0,0
61,23,2.9,41,0,0,0
34,93,3.9,41,0,0,1
43,70,3.2,36,0,0,1
31,85,3.1,38,0,0,1
57,40,3.2,34,0,0,0
34,29,3.3,14,0,0,0
25,27,4.8,23,0,0,0
66,93,3.8,18,0,0,1
56,20,4.6,45,0,0,0
49,55,2.8,14,0,0,0
19,94,3.6,48,0,0,1
27,56,4.3,17,0,0,0
68,58,4.0,1,0,0,0
20,44,3.5,39,0,0,0
21,95,4.9,24,0,0,1
36,42,3.1,41,0,0,0
37,93,3.9,28,0,0,1
61,56,3.0,34,0,0,0
68,88,4.1,41,0,0,1
60,54,4.3,27,0,0,0
69,89,3.8,46,0,0,1
25,45,3.9,2,0,0,0
32,75,4.3,45,0,0,1
53,22,4.3,34,0,0,0
46,82,4.7,9,0,0,1
58,34,3.1,1,0,0,0
21,92,2.7,17,0,0,1
46,78,3.7,6,0,0,1
18,47,3.3,12,0,0,0
56,64,3.4,10,0,0,1
18,44,4.7,4,0,0,0
49,94,4.9,8,0,0,1
29,62,4.3,41,0,0,1
67,81,4.2,49,0,0,1
31,33,3.7,49,0,0,0
52,88,2.7,40,0,0,1
42,49,3.3,30,0,0,0
32,31,4.8,4,0,0,0
47,29,4.1,22,0,0,0
45,34,4.6,22,0,0,0
20,38,4.9,10,0,0,0
66,41,3.1,23,0,0,0
52,34,3.0,43,0,0,0
50,26,3.7,31,0,0,0
62,98,4.0,38,0,0,1
38,59,3.0,22,0,0,0
65,92,3.8,45,0,0,1
60,40,3.7,21,0,0,0
68,20,4.0,9,0,0,0
62,35,3.1,34,0,0,0
62,35,3.9,26,0,0,0
40,82,3.7,1,0,0,1
32,48,3.9,47,0,0,0
22,58,2.7,30,0,0,0
33,57,3.9,48,0,0,1
57,96,2.6,31,0,0,1
60,97,3.5,33,0,0,1
30,42,4.4,39,0,0,0
41,62,4.9,46,0,0,1
58,67,3.9,24,0,0,1
34,46,3.5,37,0,0,0
67,71,4.3,7,0,0,1
58,99,3.4,6,0,0,1
41,28,2.7,16,0,0,0
42,77,3.6,33,0,0,1
50,63,4.9,18,0,0,1
40,62,3.5,24,0,0,1
32,92,3.8,24,0,0,1
51,72,4.5,48,0,0,1
26,79,4.0,4,0,0,1
32,27,4.7,20,0,0,0
58,39,3.8,47,0,0,0
51,86,4.5,50,0,0,1
19,94,5.0,31,0,0,1
57,53,2.8,29,0,0,0
66,85,4.4,4,0,0,1
62,50,4.7,40,0,0,0
58,47,3.8,31,0,0,0
23,75,4.9,41,0,0,1
45,60,4.2,44,0,0,1
20,36,4.9,31,0,0,0
33,80,3.9,45,0,0,1
30,96,4.9,50,0,0,1
50,80,4.8,7,0,0,1
62,71,3.3,5,0,0,1
69,29,4.6,48,0,0,0
34,53,4.5,19,0,0,0
49,35,4.1,39,0,0,0
65,75,3.2,45,0,0,1
66,52,4.2,35,0,0,0
41,77,4.8,8,0,0,1
37,24,4.1,11,0,0,0
32,78,3.7,32,0,0,1
42,98,2.6,46,0,0,1
31,57,3.0,7,0,0,0
61,78,4.4,1,0,0,1
36,76,4.7,32,0,0,1
60,26,2.7,31,0,0,0
51,78,2.8,39,0,0,1
68,53,2.9,9,0,0,0
46,100,4.4,49,0,0,1
19,73,2.7,34,0,0,1
30,40,4.5,35,0,0,0
51,76,2.8,50,0,0,1
28,80,3.1,4,0,0,1
41,80,3.8,32,0,0,1
29,67,2.9,11,0,0,1
25,61,3.8,49,0,0,1
60,76,4.7,9,0,0,1
63,55,3.2,30,0,0,0
51,85,4.0,33,0,0,1
22,69,4.9,8,0,0,1
54,26,3.7,29,0,0,0
18,64,4.8,4,0,0,1
29,60,3.6,19,0,0,0
59,36,4.6,10,0,0,0
25,21,4.3,39,0,0,0
19,72,3.2,21,0,0,1
56,62,3.8,12,0,0,1
31,44,4.2,9,0,0,0
45,52,3.4,20,0,0,0
23,58,4.7,44,0,0,1
18,77,3.9,16,0,0,1
43,99,4.3,27,0,0,1
56,96,2.7,14,0,0,1
43,64,4.6,24,0,0,1
64,44,2.9,49,0,0,0
67,33,3.6,14,0,0,0
63,71,3.9,6,0,0,1
54,36,2.6,20,0,0,0
69,62,3.6,3,0,0,0
34,29,3.4,5,0,0,0
56,33,3.5,46,0,0,0
34,33,3.1,8,0,0,0
58,41,4.3,13,0,0,0
44,54,5.0,25,0,0,0
25,58,4.9,39,0,0,1
27,30,4.3,15,0,0,0
26,53,4.4,35,0,0,0
18,91,4.4,46,0,0,1
64,44,3.5,3,0,0,0
62,89,3.4,48,0,0,1
59,57,2.5,27,0,0,0
36,57,3.4,5,0,0,0
69,74,2.6,48,0,0,1
39,30,4.6,12,0,0,0
28,20,3.7,10,0,0,0
42,90,2.5,48,0,0,1
31,61,4.5,3,0,0,1
57,51,2.9,19,0,0,0
53,97,2.9,11,0,0,1
59,97,3.5,25,0,0,1
32,40,4.2,42,0,0,0
65,85,3.3,34,0,0,1
56,76,3.9,50,0,0,1
31,22,5.0,21,0,0,0
59,63,3.3,37,0,0,1
22,71,4.2,46,0,0,1
47,35,4.9,14,0,0,0
23,30,4.6,24,0,0,0
69,74,4.8,36,0,0,1
18,71,2.7,19,0,0,1
50,84,4.3,12,0,0,1
29,38,3.8,13,0,0,0
65,81,4.9,32,0,0,1
29,56,3.4,5,0,0,0
49,48,3.6,29,0,0,0
28,97,3.4,40,0,0,1
51,74,4.7,44,0,0,1
26,50,3.0,3,0,0,0
38,71,3.4,35,0,0,1
35,33,4.6,33,0,0,0
34,56,3.1,20,0,0,0
51,84,2.8,40,0,0,1
47,36,3.5,13,0,0,0
18,63,4.6,9,0,0,1
64,36,4.3,7,0,0,0
30,63,4.8,42,0,0,1
59,32,2.9,44,0,0,0
66,93,3.0,6,0,0,1
40,29,2.9,8,0,0,0
25,92,3.7,10,0,0,1
59,33,4.7,46,0,0,0
66,52,3.5,26,0,0,0
54,42,2.7,6,0,0,0
42,36,5.0,47,0,0,0
48,67,4.1,28,0,0,1
34,43,2.7,23,0,0,0
19,68,4.8,45,0,0,1
70,60,4.3,44,0,0,1
43,53,4.5,11,0,0,0
46,23,3.8,39,0,0,0
66,57,3.7,20,0,0,0
50,89,3.9,48,0,0,1
55,99,3.3,46,0,0,1
63,28,3.4,22,0,0,0
32,53,3.8,45,0,0,0
30,45,2.7,49,0,0,0
35,38,2.9,9,0,0,0
59,49,4.5,41,0,0,0
59,32,2.6,2,0,0,0
54,37,3.1,39,0,0,0
63,80,4.7,12,0,0,1
43,78,4.6,26,0,0,1
33,53,2.7,32,0,0,0
57,82,4.6,50,0,0,1
25,33,4.8,3,0,0,0
26,77,4.2,3,0,0,1
50,56,4.9,37,0,0,1
70,37,4.9,20,0,0,0
68,54,4.5,26,0,0,0
39,67,2.7,47,0,0,1
46,90,3.1,7,0,0,1
57,72,3.3,40,0,0,1
47,59,2.6,45,0,0,0
40,45,4.4,20,0,0,0
52,30,3.9,11,0,0,0
40,51,4.6,50,0,0,0
67,90,4.9,25,0,0,1
67,95,3.7,5,0,0,1
37,81,3.7,4,0,0,1
67,70,4.2,25,0,0,1
64,32,3.5,11,0,0,0
28,94,2.9,4,0,0,1
54,29,3.4,1,0,0,0
54,31,3.3,48,0,0,0
24,20,4.5,9,0,0,0
27,44,4.6,2,0,0,0
53,77,2.9,4,0,0,1
32,51,3.2,43,0,0,0
24,49,2.6,32,0,0,0
45,78,3.8,1,0,0,1
49,98,2.8,38,0,0,1
51,94,4.4,25,0,0,1
69,91,4.7,42,0,0,1
41,77,2.7,32,0,0,1
59,97,2.6,21,0,0,1
26,58,3.4,26,0,0,0
23,97,3.9,6,0,0,1
62,48,3.4,14,0,0,0
69,23,3.4,4,0,0,0
46,79,3.9,26,0,0,1
35,42,4.0,39,0,0,0
32,95,3.4,15,0,0,1
46,29,3.7,1,0,0,0
33,98,4.9,28,0,0,1
32,96,5.0,17,0,0,1
33,66,2.9,24,0,0,1
67,80,3.0,29,0,0,1
67,27,3.3,18,0,0,0
42,25,4.7,10,0,0,0
20,45,3.4,19,0,0,0
39,89,4.6,26,0,0,1
26,27,3.6,25,0,0,0
51,90,2.6,2,0,0,1
31,65,2.7,19,0,0,1
68,72,3.1,32,0,0,1
44,70,3.2,13,0,0,1
18,82,3.4,30,0,0,1
58,97,4.4,2,0,0,1
26,25,3.2,8,0,0,0
57,48,2.5,27,0,0,0
37,99,3.8,26,0,0,1
24,21,4.4,3,0,0,0
57,94,3.7,4,0,0,1
48,53,3.2,5,0,0,0
39,70,4.9,25,0,0,1
51,26,3.9,47,0,0,0
57,82,4.5,8,0,0,1
53,47,3.4,20,0,0,0
70,32,4.1,42,0,0,0
60,97,4.5,20,0,0,1
31,68,4.7,23,0,0,1
41,23,4.8,26,0,0,0
62,33,4.4,48,0,0,0
59,38,4.0,16,0,0,0
46,68,4.1,28,0,0,1
62,23,3.7,39,0,0,0
42,29,3.0,43,0,0,0
37,35,3.6,45,0,0,0
50,73,4.8,50,0,0,1
29,84,3.7,10,0,0,1
25,23,4.6,40,0,0,0
66,67,2.8,38,0,0,1
21,51,4.0,2,0,0,0
46,36,4.2,13,0,0,0
57,55,3.6,33,0,0,0
61,30,2.9,27,0,0,0
53,70,4.1,43,0,0,1
37,63,3.1,46,0,0,1
39,87,4.3,7,0,0,1
53,70,4.4,35,0,0,1
35,51,3.1,31,0,0,0
69,25,2.9,42,0,0,0
66,32,3.2,14,0,0,0
19,52,4.0,35,0,0,0
47,33,2.7,49,0,0,0
49,68,3.0,17,0,0,1
31,20,4.4,26,0,0,0
39,32,2.8,30,0,0,0
58,82,3.1,32,0,0,1
45,64,3.9,35,0,0,1
68,24,2.7,15,0,0,0
35,96,3.4,10,0,0,1
65,94,3.8,14,0,0,1
45,48,3.7,30,0,0,0
19,60,4.5,16,0,0,1
65,56,2.9,14,0,0,0
28,33,3.4,28,0,0,0
55,46,4.4,29,0,0,0
66,37,4.2,5,0,0,0
29,98,3.3,17,0,0,1
56,50,3.7,50,0,0,0
21,63,3.2,23,0,0,1
32,70,2.6,22,0,0,1
54,63,2.8,15,0,0,0
61,86,2.9,32,0,0,1
31,99,4.0,5,0,0,1
27,40,2.9,6,0,0,0
64,92,4.7,44,0,0,1
60,21,3.1,23,0,0,0
70,81,3.9,44,0,0,1
36,82,3.4,3,0,0,1
56,88,3.1,14,0,0,1
69,100,4.8,37,0,0,1
39,66,3.9,22,0,0,1
38,25,3.5,2,0,0,0
36,53,3.1,44,0,0,0
46,28,4.7,49,0,0,0
59,23,4.6,22,0,0,0
64,34,3.3,26,0,0,0
49,42,3.2,40,0,0,0
32,24,3.1,16,0,0,0
29,47,3.5,17,0,0,0
24,78,4.3,48,0,0,1
41,89,2.9,28,0,0,1
41,59,2.7,26,0,0,0
32,94,4.0,43,0,0,1
69,49,4.6,38,0,0,0
65,89,4.7,36,0,0,1
54,91,4.7,1,0,0,1
39,89,4.0,49,0,0,1
37,57,3.6,41,0,0,0
51,71,3.4,21,0,0,1
26,97,3.0,24,0,0,1
42,45,2.6,27,0,0,0
21,91,4.2,4,0,0,1
53,25,3.4,19,0,0,0
36,63,4.0,1,0,0,1
21,52,4.7,27,0,0,0
33,43,3.9,5,0,0,0
49,28,3.3,20,0,0,0
31,78,2.9,50,0,0,1
68,31,4.4,36,0,0,0
49,23,3.6,12,0,0,0
23,25,4.5,23,0,0,0
30,86,3.7,21,0,0,1
53,88,2.8,47,0,0,1
65,35,4.5,38,0,0,0
60,34,4.4,40,0,0,0
46,75,3.3,35,0,0,1
54,46,4.2,4,0,0,0
59,31,2.7,28,0,0,0
52,93,3.9,36,0,0,1
41,85,2.6,15,0,0,1
43,68,4.5,7,0,0,1
63,40,2.7,29,0,0,0
37,51,2.9,12,0,0,0
44,85,3.4,16,0,0,1
67,23,2.9,50,0,0,0
27,28,3.8,11,0,0,0
60,44,4.2,28,0,0,0
58,57,3.5,36,0,0,0
53,98,3.1,38,0,0,1
43,68,3.5,32,0,0,1
32,36,4.0,42,0,0,0
54,71,3.7,22,0,0,1
47,60,4.2,22,0,0,1
57,87,4.8,31,0,0,1
63,38,4.1,28,0,0,0
70,45,4.5,40,0,0,0
62,47,2.7,21,0,0,0
40,57,2.8,12,0,0,0
25,68,3.7,33,0,0,1
19,52,3.6,9,0,0,0
25,87,4.7,15,0,0,1
21,34,3.8,13,0,0,0
55,41,2.9,35,0,0,0
34,94,4.6,1,0,0,1
47,93,2.8,25,0,0,1
27,51,4.6,20,0,0,0
67,42,2.8,36,0,0,0
40,95,3.0,33,0,0,1
53,90,3.7,36,0,0,1
24,98,4.1,32,0,0,1
47,39,4.3,21,0,0,0
53,66,3.8,48,0,0,1
47,23,3.7,25,0,0,0
38,73,4.8,32,0,0,1
48,23,4.6,45,0,0,0
47,43,4.8,4,0,0,0
19,45,4.6,19,0,0,0
38,21,4.0,1,0,0,0
57,40,2.6,12,0,0,0
70,58,2.6,18,0,0,0
38,48,4.5,43,0,0,0
35,94,4.2,31,0,0,1
46,74,3.4,33,0,0,1
32,51,3.7,46,0,0,0
38,83,3.6,41,0,0,1
41,68,4.0,41,0,0,1
19,84,4.6,9,0,0,1
18,58,3.0,34,0,0,0
45,92,3.3,21,0,0,1
23,69,3.8,5,0,0,1
60,48,2.7,32,0,0,0
52,60,4.5,44,0,0,1
42,20,4.8,46,0,0,0
29,55,4.2,42,0,0,0
31,88,3.5,50,0,0,1
30,48,4.9,33,0,0,0
23,74,4.1,32,0,0,1
31,42,2.9,32,0,0,0
40,32,4.0,37,0,0,0
39,98,4.6,9,0,0,1
28,89,2.8,6,0,0,1
23,97,5.0,36,0,0,1
42,49,2.9,1,0,0,0
68,50,3.3,48,0,0,0
24,91,3.4,44,0,0,1
24,93,3.0,9,0,0,1
21,98,4.7,32,0,0,1
49,82,2.9,14,0,0,1
41,37,4.1,43,0,0,0
22,63,3.2,32,0,0,1
42,99,2.7,26,0,0,1
30,37,4.7,2,0,0,0
38,34,3.2,16,0,0,0
40,32,2.5,50,0,0,0
55,23,4.3,6,0,0,0
37,78,4.4,20,0,0,1
41,54,4.7,9,0,0,0
38,94,4.0,47,0,0,1
42,75,4.6,33,0,0,1
26,69,3.8,46,0,0,1
41,35,3.2,9,0,0,0
27,78,5.0,8,0,0,1
61,29,3.5,48,0,0,0
58,62,3.7,2,0,0,0
25,58,4.8,31,0,0,1
33,88,3.7,40,0,0,1
57,80,3.5,35,0,0,1
39,47,4.9,40,0,0,0
60,51,4.7,27,0,0,0
39,25,4.9,10,0,0,0
42,36,4.3,23,0,0,0
53,79,3.1,32,0,0,1
20,41,3.4,6,0,0,0
46,68,2.7,27,0,0,1
46,51,2.6,25,0,0,0
69,38,2.9,11,0,0,0
28,46,2.7,23,0,0,0
42,20,4.5,44,0,0,0
30,25,3.1,35,0,0,0
50,89,3.2,45,0,0,1
59,77,3.3,22,0,0,1
54,94,2.9,18,0,0,1
50,100,4.1,20,0,0,1
25,96,2.7,28,0,0,1
41,36,4.0,15,0,0,0
35,27,2.6,42,0,0,0
67,67,3.5,20,0,0,1
33,91,2.8,16,0,0,1
19,62,4.5,47,0,0,1
25,88,3.0,34,0,0,1
32,66,4.4,30,0,0,1
30,65,4.7,5,0,0,1
18,25,4.3,38,0,0,0
38,64,4.8,18,0,0,1
22,72,4.8,28,0,0,1
40,74,4.4,42,0,0,1
54,50,3.7,5,0,0,0
70,97,3.9,50,0,0,1
52,36,3.8,33,0,0,0
34,49,4.1,1,0,0,0
65,64,4.0,14,0,0,1
38,31,4.5,48,0,0,0
35,66,4.0,26,0,0,1
40,82,4.5,44,0,0,1
23,88,2.7,18,0,0,1
45,34,3.8,31,0,0,0
40,84,3.8,18,0,0,1
42,96,3.8,41,0,0,1
57,71,4.3,18,0,0,1
18,77,3.5,3,0,0,1
18,66,3.8,5,0,0,1
56,21,3.7,13,0,0,0
35,37,4.8,22,0,0,0
49,90,4.9,45,0,0,1
49,96,4.3,39,0,0,1
34,37,4.4,18,0,0,0
63,66,3.4,19,0,0,1
42,45,4.3,29,0,0,0
41,89,4.6,19,0,0,1
26,94,3.8,22,0,0,1
48,96,3.9,21,0,0,1
62,31,2.6,22,0,0,0
24,79,4.2,44,0,0,1
48,39,4.6,42,0,0,0
31,22,5.0,33,0,0,0
41,32,4.2,6,0,0,0
24,71,4.3,44,0,0,1
60,96,3.3,24,0,0,1
38,82,4.9,16,0,0,1
58,76,4.4,12,0,0,1
53,22,3.1,50,0,0,0
44,40,3.5,42,0,0,0
51,92,3.9,50,0,0,1
36,94,3.9,10,0,0,1
20,44,4.3,32,0,0,0
32,49,3.8,37,0,0,0
66,26,2.7,15,0,0,0
49,38,4.4,27,0,0,0
27,72,3.5,7,0,0,1
29,99,3.4,49,0,0,1
29,38,4.0,44,0,0,0
55,96,4.8,13,0,0,1
57,27,4.5,38,0,0,0
29,24,4.4,10,0,0,0
31,82,4.1,25,0,0,1
25,56,4.6,18,0,0,0
61,25,3.8,6,0,0,0
53,67,2.9,35,0,0,1
22,21,2.8,31,0,0,0
28,27,3.0,41,0,0,0
18,97,4.2,8,0,0,1
44,45,4.1,34,0,0,0
32,63,4.1,20,0,0,1
34,100,4.6,38,0,0,1
67,38,2.5,35,0,0,0
66,45,3.0,6,0,0,0
28,91,3.8,50,0,0,1
70,82,4.1,47,0,0,1
37,48,3.3,23,0,0,0
28,30,5.0,13,0,0,0
43,34,3.8,31,0,0,0
37,68,3.3,16,0,0,1
54,95,5.0,40,0,0,1
50,22,2.9,45,0,0,0
46,88,2.5,50,0,0,1
60,83,4.7,1,0,0,1
40,87,2.9,10,0,0,1
64,57,3.7,48,0,0,0
18,88,4.4,38,0,0,1
37,20,2.9,21,0,0,0
36,39,3.6,38,0,0,0
51,71,4.8,31,0,0,1
26,73,4.7,9,0,0,1
68,63,2.6,47,0,0,1
27,78,3.4,8,0,0,1
28,96,3.5,30,0,0,1
49,81,3.4,22,0,0,1
70,95,5.0,3,0,0,1
30,68,4.6,15,0,0,1
27,28,4.8,10,0,0,0
19,30,3.7,19,0,0,0
64,31,4.7,36,0,0,0
42,95,4.4,12,0,0,1
69,79,3.5,49,0,0,1
28,39,3.8,7,0,0,0
47,34,4.7,28,0,0,0
69,28,3.1,30,0,0,0
56,38,5.0,29,0,0,0
28,55,3.7,9,0,0,0
50,31,3.0,27,0,0,0
39,84,4.5,21,0,0,1
35,93,4.7,36,0,0,1
59,28,3.5,19,0,0,0
44,55,4.4,47,0,0,1
66,63,2.6,38,0,0,1
20,94,4.2,22,0,0,1
45,36,2.6,29,0,0,0
49,97,4.8,42,0,0,1
60,63,2.9,47,0,0,1
61,77,4.3,10,0,0,1
36,53,2.6,10,0,0,0
33,77,3.8,1,0,0,1
49,79,4.2,7,0,0,1
31,37,3.9,10,0,0,0
19,94,3.1,11,0,0,1
39,76,3.6,5,0,0,1
66,68,4.0,21,0,0,1
25,65,3.4,24,0,0,1
63,24,2.6,37,0,0,0
56,31,4.5,22,0,0,0
20,89,4.9,16,0,0,1
58,49,4.4,44,0,0,0
34,92,3.5,14,0,0,1
28,32,3.3,23,0,0,0
22,67,3.1,46,0,0,1
37,64,4.2,46,0,0,1
54,84,4.9,16,0,0,1
65,34,3.9,40,0,0,0
57,26,4.2,21,0,0,0
38,50,4.9,25,0,0,0
70,46,2.8,25,0,0,0
56,71,4.1,25,0,0,1
56,78,4.8,27,0,0,1
22,35,4.1,12,0,0,0
57,58,3.0,27,0,0,0
53,67,4.2,40,0,0,1
53,93,3.8,38,0,0,1
19,81,3.3,44,0,0,1
49,80,4.7,27,0,0,1
44,64,4.3,30,0,0,1
27,41,2.7,24,0,0,0
60,79,4.2,38,0,0,1
62,60,4.2,4,0,0,0
52,91,2.5,32,0,0,1
30,66,3.6,32,0,0,1
66,85,3.4,28,0,0,1
29,38,3.3,6,0,0,0
24,23,4.6,24,0,0,0
51,71,3.9,38,0,0,1
67,25,3.7,28,0,0,0
50,39,3.1,9,0,0,0
37,20,4.9,21,0,0,0
69,73,4.7,31,0,0,1
60,63,2.9,18,0,0,0
21,94,4.1,5,0,0,1
44,94,4.0,22,0,0,1
26,71,2.7,37,0,0,1
40,77,4.0,22,0,0,1
41,66,2.5,36,0,0,1
62,23,4.5,23,0,0,0
39,60,3.9,44,0,0,1
53,72,4.9,25,0,0,1
24,35,3.3,40,0,0,0
41,31,3.8,12,0,0,0
19,33,2.9,14,0,0,0
36,95,4.0,14,0,0,1
21,68,4.1,10,0,0,1
25,87,3.1,17,0,0,1
65,64,4.6,24,0,0,1
42,74,4.6,31,0,0,1
40,62,2.6,36,0,0,0
58,97,5.0,38,0,0,1
40,47,2.9,23,0,0,0
62,83,3.5,47,0,0,1
38,82,3.7,20,0,0,1
37,26,2.9,41,0,0,0
65,81,4.3,44,0,0,1
55,44,3.2,31,0,0,0
43,88,4.2,11,0,0,1
43,76,4.2,25,0,0,1
45,89,3.8,31,0,0,1
64,22,4.4,40,0,0,0
28,33,3.1,23,0,0,0
69,97,5.0,5,0,0,1
54,57,4.7,26,0,0,1
52,38,3.0,11,0,0,0
23,55,4.2,44,0,0,0
26,37,3.0,47,0,0,0
48,43,3.7,46,0,0,0
49,96,2.7,35,0,0,1
53,51,4.3,8,0,0,0
69,95,2.7,30,0,0,1
26,26,3.7,14,0,0,0
21,34,4.3,30,0,0,0
59,83,4.0,26,0,0,1
21,24,3.3,32,0,0,0
22,69,4.0,47,0,0,1
26,40,2.7,11,0,0,0
41,87,4.2,28,0,0,1
37,46,4.6,2,0,0,0
30,82,4.8,45,0,0,1
49,81,2.8,7,0,0,1
49,57,4.5,28,0,0,1
58,49,3.0,34,0,0,0
70,42,4.6,26,0,0,0
27,26,3.3,45,0,0,0
65,38,4.4,34,0,0,0
57,57,4.4,47,0,0,1
20,100,4.3,42,0,0,1
34,73,3.4,27,0,0,1
59,66,2.8,43,0,0,1
54,73,3.4,16,0,0,1
36,45,5.0,40,0,0,0
21,27,4.5,29,0,0,0
52,24,2.7,38,0,0,0
43,59,3.4,34,0,0,0
32,20,3.4,30,0,0,0
55,44,2.8,45,0,0,0
31,90,4.7,47,0,0,1
45,36,4.7,5,0,0,0
53,95,4.7,50,0,0,1
24,30,3.4,24,0,0,0
47,65,3.7,15,0,0,1
63,96,4.1,50,0,0,1
38,65,2.9,7,0,0,1
59,47,3.2,10,0,0,0
54,25,3.0,38,0,0,0
26,56,4.1,31,0,0,0
68,76,4.5,7,0,0,1
41,60,3.4,27,0,0,0
68,67,4.1,45,0,0,1
21,95,4.6,13,0,0,1
32,72,4.6,33,0,0,1
20,98,3.4,25,0,0,1
59,83,3.3,5,0,0,1
53,37,3.6,23,0,0,0
66,85,4.6,17,0,0,1
47,36,4.3,14,0,0,0
58,36,4.0,28,0,0,0
28,86,4.8,19,0,0,1
68,99,4.3,31,0,0,1
60,21,3.3,25,0,0,0
47,84,2.8,4,0,0,1
18,63,4.4,20,0,0,1
32,84,3.7,37,0,0,1
27,72,3.6,28,0,0,1
65,21,3.7,6,0,0,0
68,92,5.0,27,0,0,1
55,72,2.7,29,0,0,1
30,83,4.3,1,0,0,1
24,73,4.1,31,0,0,1
57,98,2.6,28,0,0,1
23,76,3.2,19,0,0,1
69,43,3.5,36,0,0,0
60,60,3.7,28,0,0,1
25,40,3.8,29,0,0,0
18,93,4.8,9,0,0,1
37,98,4.2,26,0,0,1
61,91,2.9,7,0,0,1
41,92,2.9,35,0,0,1
69,87,4.8,46,0,0,1
32,96,2.9,8,0,0,1
60,97,4.8,50,0,0,1
43,55,4.6,37,0,0,1
61,58,4.4,6,0,0,0
57,21,3.0,16,0,0,0
56,82,4.4,30,0,0,1
66,34,3.9,50,0,0,0
52,78,4.0,5,0,0,1
63,47,2.5,15,0,0,0
50,96,4.1,34,0,0,1
21,23,4.8,6,0,0,0
42,27,2.6,26,0,0,0
40,37,3.1,34,0,0,0
67,79,3.2,37,0,0,1
35,40,4.2,28,0,0,0
18,39,2.6,38,0,0,0
52,73,3.1,2,0,0,1
59,84,2.9,32,0,0,1
49,94,4.6,30,0,0,1
46,47,4.1,17,0,0,0
69,77,2.5,5,0,0,1
56,94,4.0,31,0,0,1
27,75,3.5,43,0,0,1
57,82,4.4,19,0,0,1
58,36,2.9,32,0,0,0
23,90,3.1,5,0,0,1
19,48,4.4,9,0,0,0
40,42,4.4,48,0,0,0
54,33,2.7,1,0,0,0
50,63,4.9,20,0,0,1
69,53,3.5,42,0,0,0
42,37,4.8,45,0,0,0
37,92,4.2,41,0,0,1
46,73,4.6,36,0,0,1
64,38,2.9,10,0,0,0
20,51,4.0,31,0,0,0
40,90,4.9,21,0,0,1
64,56,3.1,16,0,0,0
29,33,4.4,18,0,0,0
20,53,2.5,20,0,0,0
43,24,3.4,21,0,0,0
60,59,3.7,23,0,0,0
39,72,4.2,20,0,0,1
47,28,3.4,30,0,0,0
19,36,3.6,33,0,0,0
52,47,4.7,31,0,0,0
34,62,4.7,48,0,0,1
25,98,3.6,28,0,0,1
43,28,4.6,7,0,0,0
55,86,2.6,4,0,0,1
66,46,3.1,49,0,0,0
41,42,3.2,22,0,0,0
47,80,3.9,39,0,0,1
51,39,4.9,45,0,0,0
44,49,4.1,30,0,0,0
18,32,4.2,33,0,0,0
33,73,4.1,24,0,0,1
24,42,3.9,11,0,0,0
33,58,2.7,13,0,0,0
61,22,3.7,27,0,0,0
27,56,2.7,30,0,0,0
46,70,2.5,39,0,0,1
38,50,3.9,10,0,0,0
63,21,3.0,4,0,0,0
47,97,3.2,16,0,0,1
42,63,3.8,34,0,0,1
41,60,2.7,11,0,0,0
53,52,3.0,30,0,0,0
29,32,4.1,40,0,0,0
61,48,3.2,13,0,0,0
69,25,4.5,28,0,0,0
51,68,4.3,49,0,0,1
24,74,3.5,23,0,0,1
24,88,3.1,4,0,0,1
70,23,3.9,17,0,0,0
49,32,2.7,24,0,0,0
48,71,4.0,21,0,0,1
58,62,2.7,17,0,0,0
32,20,2.7,22,0,0,0
57,62,4.7,27,0,0,1
69,81,4.5,1,0,0,1
42,90,3.0,27,0,0,1
30,43,3.6,8,0,0,0
35,38,3.3,43,0,0,0
19,25,4.3,24,0,0,0
52,98,4.3,29,0,0,1
42,75,4.8,10,0,0,1
36,27,4.0,12,0,0,0
45,27,3.5,48,0,0,0
54,42,3.9,40,0,0,0
54,90,4.4,1,0,0,1
27,63,4.6,26,0,0,1
53,96,4.0,9,0,0,1
20,40,4.2,19,0,0,0
52,39,4.5,37,0,0,0
54,48,3.9,3,0,0,0
65,20,3.7,40,0,0,0
43,29,3.6,13,0,0,0
57,81,4.7,48,0,0,1
19,98,3.6,4,0,0,1
69,93,2.5,9,0,0,1
26,30,2.9,26,0,0,0
57,37,4.4,19,0,0,0
20,28,4.6,1,0,0,0
55,29,3.7,29,0,0,0
44,49,3.2,38,0,0,0
52,53,4.9,31,0,0,0
57,66,5.0,35,0,0,1
40,61,3.3,40,0,0,1
23,23,4.4,13,0,0,0
36,36,4.7,9,0,0,0
59,81,3.6,25,0,0,1
29,56,3.2,3,0,0,0
63,78,3.0,35,0,0,1
60,25,4.4,13,0,0,0
64,86,3.3,31,0,0,1
63,99,3.4,48,0,0,1
21,83,3.9,6,0,0,1
61,33,2.9,43,0,0,0
65,44,2.9,1,0,0,0
69,58,2.7,8,0,0,0
47,54,3.4,6,0,0,0
41,93,3.7,32,0,0,1
68,98,4.7,46,0,0,1
41,36,3.1,38,0,0,0
42,68,4.2,48,0,0,1
66,95,3.0,18,0,0,1
66,93,3.1,25,0,0,1
33,99,4.2,4,0,0,1
55,22,3.8,27,0,0,0
58,88,2.9,14,0,0,1
18,65,4.2,36,0,0,1
49,62,3.1,6,0,0,0
61,55,3.6,46,0,0,0
31,97,4.8,29,0,0,1
70,77,4.1,12,0,0,1
68,40,3.9,47,0,0,0
27,23,3.0,28,0,0,0
48,46,3.0,21,0,0,0
63,75,4.9,15,0,0,1
49,76,4.8,38,0,0,1
19,59,3.3,19,0,0,0
30,51,2.7,31,0,0,0
50,46,4.2,30,0,0,0
66,26,3.6,40,0,0,0
25,51,3.8,42,0,0,0
61,44,3.8,25,0,0,0
29,82,4.2,20,0,0,1
53,44,2.7,3,0,0,0
24,27,5.0,14,0,0,0
51,90,4.7,32,0,0,1
26,58,3.2,20,0,0,0
59,80,2.9,34,0,0,1
41,40,4.2,6,0,0,0
20,23,3.7,2,0,0,0
22,34,4.2,35,0,0,0
18,35,2.6,33,0,0,0
30,75,4.0,45,0,0,1
25,60,2.7,20,0,0,0
39,87,4.0,48,0,0,1
49,41,2.9,37,0,0,0
25,83,3.3,4,0,0,1
23,81,4.0,24,0,0,1
33,56,3.9,4,0,0,0
60,58,3.3,25,0,0,0
51,84,3.9,14,0,0,1
23,21,3.9,14,0,0,0
20,35,4.2,46,0,0,0
51,43,4.6,27,0,0,0
23,20,3.3,46,0,0,0
67,36,4.8,24,0,0,0
23,70,4.1,4,0,0,1
26,83,3.4,2,0,0,1
52,76,3.6,29,0,0,1
52,81,2.7,7,0,0,1
52,47,3.2,39,0,0,0
35,35,4.4,46,0,0,0
24,85,4.9,44,0,0,1
43,96,4.8,20,0,0,1
25,98,2.8,44,0,0,1
46,52,2.9,23,0,0,0
22,84,3.2,37,0,0,1
70,71,3.5,4,0,0,1
49,95,4.1,14,0,0,1
48,47,4.1,31,0,0,0
59,75,4.8,9,0,0,1
39,28,2.8,31,0,0,0
30,44,4.7,26,0,0,0
37,64,4.8,41,0,0,1
56,28,2.9,13,0,0,0
67,21,2.6,4,0,0,0
40,41,3.3,15,0,0,0
24,38,3.4,38,0,0,0
43,77,3.6,3,0,0,1
45,43,3.8,6,0,0,0
33,91,3.4,34,0,0,1
53,68,3.8,7,0,0,1
44,37,3.3,21,0,0,0
23,23,4.8,17,0,0,0
59,65,3.9,5,0,0,1
68,30,4.2,21,0,0,0
46,45,4.7,42,0,0,0
56,25,2.7,49,0,0,0
40,72,3.8,33,0,0,1
61,75,3.6,12,0,0,1
53,63,2.9,18,0,0,0
29,35,3.9,47,0,0,0
44,32,4.7,18,0,0,0
43,25,3.3,48,0,0,0
40,90,4.2,18,0,0,1
55,70,2.6,46,0,0,1
66,27,4.9,34,0,0,0
50,92,3.6,10,0,0,1
57,20,4.7,12,0,0,0
42,52,3.2,36,0,0,0
55,57,3.6,34,0,0,0
25,96,3.6,49,0,0,1
22,68,3.2,36,0,0,1
49,30,2.8,18,0,0,0
70,37,4.0,39,0,0,0
56,42,4.4,34,0,0,0
52,54,3.4,35,0,0,0
65,81,5.0,1,0,0,1
24,40,3.1,48,0,0,0
32,88,4.2,19,0,0,1
57,94,3.3,44,0,0,1
35,54,2.9,9,0,0,0
69,51,4.7,3,0,0,0
30,22,4.0,50,0,0,0
37,95,4.6,7,0,0,1
19,57,3.8,20,0,0,0
53,45,3.6,16,0,0,0
25,92,4.1,29,0,0,1
47,40,2.7,21,0,0,0
18,62,4.3,19,0,0,1
22,90,4.9,10,0,0,1
69,82,4.2,4,0,0,1
55,52,2.8,45,0,0,0
19,70,4.9,17,0,0,1
23,83,2.8,22,0,0,1
54,49,2.9,3,0,0,0
52,91,2.5,11,0,0,1
64,99,2.7,4,0,0,1
33,92,3.3,11,0,0,1
40,87,3.7,47,0,0,1
26,28,4.0,17,0,0,0
31,71,4.1,32,0,0,1
23,32,4.1,37,0,0,0
52,33,2.5,44,0,0,0
21,75,4.2,27,0,0,1
31,83,4.7,46,0,0,1
63,93,2.7,13,0,0,1
46,29,3.0,2,0,0,0
44,25,4.8,45,0,0,0
57,76,4.4,35,0,0,1
50,81,4.3,39,0,0,1
33,80,2.5,39,0,0,1
19,70,4.9,34,0,0,1
68,81,4.9,41,0,0,1
27,86,3.9,47,0,0,1
61,94,4.1,17,0,0,1
38,66,3.3,40,0,0,1
28,98,4.1,44,0,0,1
39,25,3.7,21,0,0,0
18,62,3.1,21,0,0,0
24,98,3.0,16,0,0,1
64,53,3.4,15,0,0,0
51,66,2.7,26,0,0,1
27,52,3.1,50,0,0,0
48,64,4.0,30,0,0,1
69,59,3.6,48,0,0,1
59,61,3.6,21,0,0,1
59,97,3.3,18,0,0,1
42,23,4.1,41,0,0,0
39,98,4.3,11,0,0,1
32,98,3.2,8,0,0,1
68,59,3.9,42,0,0,1
41,82,5.0,41,0,0,1
31,82,3.4,3,0,0,1
58,41,3.8,10,0,0,0
28,52,2.9,35,0,0,0
63,41,2.6,2,0,0,0
64,70,4.3,24,0,0,1
66,91,2.8,47,0,0,1
31,95,4.5,31,0,0,1
55,25,3.8,28,0,0,0
32,89,3.0,13,0,0,1
50,44,3.3,22,0,0,0
58,52,3.1,12,0,0,0
18,94,3.5,10,0,0,1
39,98,4.6,45,0,0,1
56,40,4.1,42,0,0,0
37,25,3.6,16,0,0,0
46,62,2.9,6,0,0,0
52,24,4.8,28,0,0,0
70,57,3.2,24,0,0,0
61,66,4.3,14,0,0,1
33,70,4.1,29,0,0,1
65,39,4.6,33,0,0,0
41,34,3.8,30,0,0,0
19,38,4.5,26,0,0,0
33,70,3.1,12,0,0,1
53,80,2.9,13,0,0,1
54,51,3.8,41,0,0,0
36,79,4.1,4,0,0,1
56,92,3.1,2,0,0,1
28,85,5.0,28,0,0,1
34,63,4.5,24,0,0,1
43,60,2.8,14,0,0,0
54,44,3.2,11,0,0,0
37,57,3.1,27,0,0,0
33,24,3.3,7,0,0,0
33,35,3.4,49,0,0,0
55,73,3.8,21,0,0,1
63,42,3.5,10,0,0,0
52,20,4.8,37,0,0,0
23,89,3.9,9,0,0,1
70,76,3.4,14,0,0,1
64,56,2.6,30,0,0,0
22,100,3.1,42,0,0,1
46,44,3.3,31,0,0,0
65,76,2.8,48,0,0,1
18,97,4.3,48,0,0,1
45,39,2.7,50,0,0,0
56,100,4.4,10,0,0,1
49,62,3.9,45,0,0,1
66,98,3.0,27,0,0,1
27,31,4.0,10,0,0,0
69,89,3.7,19,0,0,1
66,91,3.8,1,0,0,1
45,50,3.3,39,0,0,0
31,32,3.6,14,0,0,0
33,67,3.9,40,0,0,1
43,28,3.5,45,0,0,0
25,65,3.4,6,0,0,1
46,73,4.7,12,0,0,1
67,27,3.0,19,0,0,0
26,89,3.9,5,0,0,1
35,72,4.5,37,0,0,1
61,37,4.1,33,0,0,0
26,63,4.5,47,0,0,1
39,90,4.0,49,0,0,1
69,62,4.3,28,0,0,1
32,43,3.6,23,0,0,0
20,96,3.1,11,0,0,1
25,83,2.6,33,0,0,1
56,67,3.4,47,0,0,1
63,90,2.9,13,0,0,1
34,53,5.0,4,0,0,0
29,37,4.6,40,0,0,0
43,56,3.3,19,0,0,0
39,43,2.9,17,0,0,0
33,84,4.9,7,0,0,1
51,50,5.0,21,0,0,0
65,88,4.5,44,0,0,1
51,50,3.7,2,0,0,0
70,80,2.8,30,0,0,1
40,47,3.5,41,0,0,0
19,33,3.0,31,0,0,0
28,100,4.3,48,0,0,1
51,26,3.6,41,0,0,0
32,79,4.4,42,0,0,1
26,77,4.1,39,0,0,1
50,36,2.8,15,0,0,0
68,21,2.8,3,0,0,0
33,72,4.9,28,0,0,1
56,25,4.1,27,0,0,0
57,79,3.0,36,0,0,1
58,73,3.0,42,0,0,1
40,71,3.0,30,0,0,1
37,48,3.2,9,0,0,0
36,28,2.7,25,0,0,0
29,95,3.8,33,0,0,1
65,48,3.5,31,0,0,0
44,93,3.8,35,0,0,1
34,87,3.8,46,0,0,1
31,32,3.4,29,0,0,0
28,38,2.9,49,0,0,0
66,54,3.4,27,0,0,0
68,75,4.7,5,0,0,1
37,56,3.9,18,0,0,0
58,43,3.6,31,0,0,0
28,97,3.7,27,0,0,1
54,75,3.1,19,0,0,1
21,55,4.9,33,0,0,1
45,49,2.6,42,0,0,0
57,58,4.2,16,0,0,0
47,34,4.8,49,0,0,0
46,43,2.7,40,0,0,0
63,48,2.6,5,0,0,0
44,40,2.6,8,0,0,0
36,29,3.1,2,0,0,0
24,81,2.6,14,0,0,1
65,84,3.4,5,0,0,1
32,46,3.6,34,0,0,0
63,86,4.3,13,0,0,1
62,57,4.9,31,0,0,1
19,61,4.8,43,0,0,1
38,90,4.2,6,0,0,1
59,51,2.6,23,0,0,0
22,48,3.2,10,0,0,0
55,50,3.4,47,0,0,0
29,82,3.5,14,0,0,1
42,33,4.2,29,0,0,0
23,28,2.8,12,0,0,0
70,42,5.0,25,0,0,0
64,43,3.3,21,0,0,0
39,55,3.7,23,0,0,0
47,73,2.5,10,0,0,1
22,39,3.2,47,0,0,0
69,20,3.1,44,0,0,0
35,32,3.5,41,0,0,0
56,86,4.6,29,0,0,1
30,91,3.3,2,0,0,1
43,59,2.5,2,0,0,0
23,33,4.6,29,0,0,0
50,64,4.2,22,0,0,1
41,67,4.0,23,0,0,1
41,43,2.6,46,0,0,0
27,32,4.6,19,0,0,0
38,39,3.5,24,0,0,0
41,41,4.0,43,0,0,0
58,53,4.8,14,0,0,0
58,27,3.9,7,0,0,0
19,82,3.7,50,0,0,1
43,87,3.1,15,0,0,1
27,78,3.0,40,0,0,1
32,32,2.9,41,0,0,0
28,38,2.9,34,0,0,0
48,37,4.0,27,0,0,0
43,83,3.5,12,0,0,1
45,72,3.8,1,0,0,1
26,30,4.5,39,0,0,0
62,66,2.7,13,0,0,1
58,45,2.9,50,0,0,0
19,73,4.9,36,0,0,1
64,67,3.8,31,0,0,1
33,72,4.9,3,0,0,1
20,24,4.6,11,0,0,0
45,68,3.5,16,0,0,1
28,70,4.2,12,0,0,1
47,64,3.7,37,0,0,1
54,91,2.8,43,0,0,1
64,82,4.8,9,0,0,1
45,24,2.7,15,0,0,0
40,80,3.6,17,0,0,1
31,53,4.5,42,0,0,0
38,50,4.0,14,0,0,0
36,31,4.5,49,0,0,0
65,88,3.9,3,0,0,1
27,52,3.8,28,0,0,0
38,22,4.7,41,0,0,0
58,27,4.6,11,0,0,0
31,34,3.6,46,0,0,0
28,39,4.3,15,0,0,0
28,53,3.0,15,0,0,0
32,46,4.3,34,0,0,0
61,85,4.8,13,0,0,1
38,86,3.7,27,0,0,1
54,63,2.6,37,0,0,1
29,44,3.4,37,0,0,0
50,95,3.9,4,0,0,1
32,49,4.8,1,0,0,0
38,77,2.8,29,0,0,1
52,63,4.4,50,0,0,1
61,83,3.1,38,0,0,1
25,93,3.8,15,0,0,1
22,91,4.1,44,0,0,1
47,99,4.6,14,0,0,1
50,24,4.9,5,0,0,0
45,82,4.8,11,0,0,1
33,28,3.9,15,0,0,0
42,67,2.6,46,0,0,1
52,88,3.7,30,0,0,1
69,70,4.7,2,0,0,1
55,100,4.5,28,0,0,1
38,28,4.7,9,0,0,0
57,48,3.6,47,0,0,0
33,43,2.8,21,0,0,0
57,40,4.0,42,0,0,0
52,97,3.6,28,0,0,1
44,25,3.8,13,0,0,0
48,45,4.4,25,0,0,0
52,49,2.8,38,0,0,0
34,36,3.4,40,0,0,0
26,48,4.9,25,0,0,0
36,62,4.3,20,0,0,1
24,74,3.4,44,0,0,1
30,100,3.9,9,0,0,1
31,39,4.2,11,0,0,0
25,65,2.7,3,0,0,0
57,99,4.1,34,0,0,1
61,68,4.5,48,0,0,1
30,97,2.8,28,0,0,1
38,47,3.4,20,0,0,0
53,56,3.9,49,0,0,0
31,91,2.6,14,0,0,1
70,93,4.4,9,0,0,1
21,36,4.9,37,0,0,0
33,45,3.6,4,0,0,0
60,44,2.8,1,0,0,0
45,32,4.3,36,0,0,0
46,36,3.0,21,0,0,0
62,85,3.3,16,0,0,1
63,36,2.5,42,0,0,0
69,55,5.0,31,0,0,1
46,20,4.3,6,0,0,0
69,91,4.2,24,0,0,1
66,71,3.9,7,0,0,1
41,64,3.9,25,0,0,1
32,21,4.2,18,0,0,0
69,100,3.5,14,0,0,1
29,96,2.5,42,0,0,1
70,91,2.9,6,0,0,1
41,40,2.7,14,0,0,0
31,53,4.7,30,0,0,0
31,48,3.8,10,0,0,0
57,70,3.7,7,0,0,1
29,29,4.7,28,0,0,0
70,29,3.6,19,0,0,0
51,53,2.8,13,0,0,0
45,79,3.7,23,0,0,1
18,65,3.5,5,0,0,1
37,99,3.7,17,0,0,1
23,60,3.0,31,0,0,0
39,86,4.9,19,0,0,1
62,73,4.6,8,0,0,1
70,45,3.3,15,0,0,0
20,70,3.0,18,0,0,1
42,65,3.5,16,0,0,1
41,55,4.2,13,0,0,0
24,65,4.5,38,0,0,1
37,21,2.8,27,0,0,0
30,26,4.9,31,0,0,0
58,71,3.3,24,0,0,1
43,41,3.0,21,0,0,0
19,44,3.9,15,0,0,0
23,81,2.8,48,0,0,1
65,77,4.5,47,0,0,1
58,26,4.0,23,0,0,0
50,31,2.9,4,0,0,0
67,82,4.0,47,0,0,1
40,60,3.4,7,0,0,0
55,70,2.5,6,0,0,1
52,26,2.8,47,0,0,0
62,100,3.0,7,0,0,1
64,82,3.1,1,0,0,1
43,24,2.6,23,0,0,0
61,74,4.9,30,0,0,1
26,58,3.5,24,0,0,0
22,56,2.6,9,0,0,0
51,37,3.5,25,0,0,0
69,64,4.5,18,0,0,1
50,58,4.3,7,0,0,0
51,44,4.8,2,0,0,0
56,39,4.2,36,0,0,0
59,48,3.2,31,0,0,0
18,32,4.1,10,0,0,0
48,79,4.0,27,0,0,1
53,27,2.9,14,0,0,0
45,98,2.6,17,0,0,1
21,67,2.7,10,0,0,1
42,37,4.6,4,0,0,0
60,49,3.2,25,0,0,0
21,74,4.1,3,0,0,1
69,93,3.9,47,0,0,1
40,60,3.0,41,0,0,0
31,76,3.6,28,0,0,1
44,64,4.6,49,0,0,1
48,38,4.5,7,0,0,0
32,91,3.2,22,0,0,1
42,70,4.9,34,0,0,1
27,22,5.0,5,0,0,0
69,59,3.8,15,0,0,0
67,22,3.4,26,0,0,0
41,74,3.8,3,0,0,1
46,71,3.2,42,0,0,1
47,80,4.7,1,0,0,1
33,59,4.5,20,0,0,1
51,96,3.3,39,0,0,1
26,43,3.9,24,0,0,0
22,76,3.6,49,0,0,1
49,59,2.8,7,0,0,0
58,48,4.3,13,0,0,0
70,22,3.5,2,0,0,0
32,40,4.2,4,0,0,0
62,73,4.6,17,0,0,1
52,26,2.6,43,0,0,0
23,41,3.4,6,0,0,0
26,98,3.1,46,0,0,1
58,63,3.6,7,0,0,1
26,55,4.2,34,0,0,0
54,90,3.6,21,0,0,1
66,46,3.6,13,0,0,0
60,88,3.0,33,0,0,1
32,95,2.5,24,0,0,1
48,31,4.0,4,0,0,0
69,42,4.1,5,0,0,0
64,44,4.9,11,0,0,0
56,99,4.0,20,0,0,1
22,20,3.5,28,0,0,0
46,37,3.2,43,0,0,0
24,50,2.8,10,0,0,0
47,73,3.5,26,0,0,1
62,84,3.1,29,0,0,1
34,64,3.3,35,0,0,1
50,21,4.6,23,0,0,0
29,36,4.9,15,0,0,0
68,81,3.4,46,0,0,1
52,54,3.5,14,0,0,0
29,63,4.8,17,0,0,1
22,59,2.7,9,0,0,0
62,53,3.4,13,0,0,0
69,63,3.5,20,0,0,1
48,33,3.7,39,0,0,0
66,64,3.3,50,0,0,1
42,98,2.9,21,0,0,1
50,85,3.9,3,0,0,1
32,82,2.7,9,0,0,1
51,85,4.3,29,0,0,1
27,37,3.0,42,0,0,0
43,56,5.0,41,0,0,1
48,33,2.7,17,0,0,0
62,57,4.7,20,0,0,1
65,31,4.6,18,0,0,0
50,69,3.2,7,0,0,1
60,92,4.3,47,0,0,1
19,46,4.6,2,0,0,0
21,81,4.9,25,0,0,1
19,97,3.8,26,0,0,1
46,93,2.6,2,0,0,1
21,56,4.7,45,0,0,1
26,53,4.1,9,0,0,0
50,66,3.7,1,0,0,1
43,50,3.0,4,0,0,0
61,97,4.7,31,0,0,1
63,79,4.7,21,0,0,1
46,76,4.0,32,0,0,1
63,38,2.6,16,0,0,0
23,45,3.0,34,0,0,0
57,77,3.3,40,0,0,1
57,51,3.4,4,0,0,0
33,26,4.0,3,0,0,0
57,76,2.6,28,0,0,1
55,94,3.4,43,0,0,1
65,32,4.4,20,0,0,0
60,20,4.7,40,0,0,0
52,20,4.5,34,0,0,0
34,59,2.9,11,0,0,0
33,97,4.2,26,0,0,1
58,68,4.1,29,0,0,1
35,66,4.4,47,0,0,1
68,85,4.7,48,0,0,1
58,32,3.1,29,0,0,0
34,44,2.7,14,0,0,0
47,95,4.6,40,0,0,1
35,85,4.4,4,0,0,1
34,44,4.6,37,0,0,0
36,30,4.9,47,0,0,0
23,21,4.0,1,0,0,0
68,22,2.9,26,0,0,0
23,70,2.6,12,0,0,1
57,29,4.6,16,0,0,0
21,83,4.9,19,0,0,1
45,99,4.3,21,0,0,1
37,35,4.3,15,0,0,0
18,40,4.6,9,0,0,0
55,25,2.6,7,0,0,0
52,64,3.1,47,0,0,1
49,90,3.1,17,0,0,1
56,88,3.1,46,0,0,1
27,55,4.4,32,0,0,0
22,90,4.3,34,0,0,1
18,50,3.1,18,0,0,0
21,34,3.1,5,0,0,0
30,77,4.9,44,0,0,1
62,89,2.9,4,0,0,1
28,87,3.8,37,0,0,1
66,77,4.2,43,0,0,1
66,85,3.9,28,0,0,1
49,66,2.8,36,0,0,1
40,32,2.6,16,0,0,0
49,92,3.0,38,0,0,1
19,80,2.7,37,0,0,1
24,78,2.8,9,0,0,1
31,24,2.9,14,0,0,0
35,59,3.8,3,0,0,0
65,41,4.4,10,0,0,0
68,26,3.1,26,0,0,0
57,52,3.7,30,0,0,0
69,46,4.9,32,0,0,0
45,52,3.8,35,0,0,0
35,42,3.4,26,0,0,0
36,37,4.6,39,0,0,0
55,52,3.2,31,0,0,0
66,34,2.7,28,0,0,0
57,88,4.3,12,0,0,1
18,88,3.8,46,0,0,1
31,51,4.4,27,0,0,0
50,97,3.6,4,0,0,1
50,56,3.5,14,0,0,0
61,53,4.2,30,0,0,0
52,71,4.7,6,0,0,1
38,93,4.8,43,0,0,1
67,72,3.2,28,0,0,1
42,59,3.5,39,0,0,1
25,87,4.2,30,0,0,1
41,78,3.4,5,0,0,1
62,68,4.7,42,0,0,1
19,76,3.0,20,0,0,1
63,99,4.0,35,0,0,1
43,52,4.6,10,0,0,0
68,58,4.9,36,0,0,1
24,59,2.8,21,0,0,0
27,71,3.2,29,0,0,1
61,94,2.8,39,0,0,1
59,40,4.2,16,0,0,0
67,24,4.8,32,0,0,0
46,38,2.8,34,0,0,0
65,37,4.5,38,0,0,0
63,29,4.1,14,0,0,0
57,92,4.3,23,0,0,1
40,24,4.4,50,0,0,0
36,52,3.0,49,0,0,0
67,29,2.7,14,0,0,0
61,30,3.3,42,0,0,0
64,31,4.3,39,0,0,0
30,67,2.9,43,0,0,1
53,65,4.9,12,0,0,1
27,22,3.6,21,0,0,0
27,56,3.3,33,0,0,0
53,78,3.1,6,0,0,1
34,90,2.7,10,0,0,1
39,85,3.4,18,0,0,1
44,58,3.4,46,0,0,0
37,34,3.9,49,0,0,0
57,40,3.5,39,0,0,0
38,29,4.1,16,0,0,0
21,76,3.2,28,0,0,1
45,84,4.6,22,0,0,1
68,65,3.9,36,0,0,1
37,80,2.7,18,0,0,1
53,98,3.0,31,0,0,1
57,71,3.3,38,0,0,1
28,69,2.7,42,0,0,1
37,95,4.6,27,0,0,1
54,67,2.7,24,0,0,1
49,49,2.5,38,0,0,0
62,97,4.4,9,0,0,1
45,34,4.0,19,0,0,0
45,74,3.8,11,0,0,1
49,96,2.5,16,0,0,1
27,68,4.0,18,0,0,1
63,84,4.1,8,0,0,1
61,57,2.8,4,0,0,0
25,84,3.4,37,0,0,1
33,32,2.7,30,0,0,0
56,37,3.8,37,0,0,0
50,58,4.4,30,0,0,1
45,74,2.8,17,0,0,1
45,99,5.0,11,0,0,1
65,81,4.7,42,0,0,1
63,76,3.2,20,0,0,1
70,98,2.9,37,0,0,1
53,91,3.7,12,0,0,1
22,79,4.2,41,0,0,1
26,83,3.4,32,0,0,1
23,90,2.9,15,0,0,1
25,20,3.7,39,0,0,0
69,21,2.7,48,0,0,0
36,60,3.2,8,0,0,0
21,31,4.9,11,0,0,0
57,40,2.8,36,0,0,0
60,26,4.7,50,0,0,0
44,98,3.3,39,0,0,1
31,51,4.3,11,0,0,0
57,95,3.7,5,0,0,1
39,36,4.5,7,0,0,0
48,52,3.4,50,0,0,0
42,35,2.7,21,0,0,0
56,68,4.4,31,0,0,1
28,50,4.0,39,0,0,0
40,100,3.2,28,0,0,1
49,74,4.2,33,0,0,1
37,45,3.0,42,0,0,0
22,97,2.8,5,0,0,1
27,60,4.9,25,0,0,1
59,25,4.7,48,0,0,0
35,55,4.4,30,0,0,0
58,99,3.1,34,0,0,1
58,45,2.6,34,0,0,0
46,20,3.9,14,0,0,0
43,88,2.6,2,0,0,1
39,99,4.0,41,0,0,1
59,86,4.9,3,0,0,1
59,70,3.3,18,0,0,1
59,50,3.0,1,0,0,0
45,57,2.7,5,0,0,0
27,69,3.1,41,0,0,1
24,94,4.8,5,0,0,1
47,24,2.9,10,0,0,0
70,79,4.5,20,0,0,1
58,31,4.6,11,0,0,0
45,67,5.0,4,0,0,1
24,63,4.3,38,0,0,1
67,61,4.9,19,0,0,1
31,50,4.0,16,0,0,0
52,82,3.1,2,0,0,1
29,51,2.6,11,0,0,0
62,23,4.9,18,0,0,0
19,91,3.5,47,0,0,1
62,60,4.5,15,0,0,1
70,34,2.8,15,0,0,0
20,23,4.2,47,0,0,0
67,82,4.1,47,0,0,1
65,73,3.5,6,0,0,1
45,32,4.0,18,0,0,0
26,80,4.0,40,0,0,1
36,58,2.5,31,0,0,0
36,82,4.2,31,0,0,1
20,60,3.4,4,0,0,0
30,79,4.8,36,0,0,1
34,41,4.9,31,0,0,0
63,39,3.6,6,0,0,0
18,36,4.0,1,0,0,0
55,70,2.6,29,0,0,1
48,47,3.1,19,0,0,0
45,27,3.6,12,0,0,0
29,52,4.0,18,0,0,0
55,75,3.9,45,0,0,1
55,30,3.9,45,0,0,0
55,94,3.3,8,0,0,1
48,68,2.9,4,0,0,1
42,45,3.1,5,0,0,0
21,67,4.7,30,0,0,1
45,46,3.9,15,0,0,0
23,31,4.3,17,0,0,0
66,44,4.2,45,0,0,0
32,100,4.3,3,0,0,1
52,92,4.6,43,0,0,1
54,78,3.8,4,0,0,1
37,32,3.3,41,0,0,0
29,97,3.7,16,0,0,1
47,95,4.3,10,0,0,1
47,64,4.1,2,0,0,1
42,35,3.2,11,0,0,0
34,54,3.8,1,0,0,0
38,96,3.2,41,0,0,1
55,58,3.5,39,0,0,0
27,23,3.1,1,0,0,0
55,35,4.2,3,0,0,0
66,23,3.4,21,0,0,0
44,94,3.5,48,0,0,1
39,45,4.0,24,0,0,0
23,23,4.4,45,0,0,0
29,94,2.9,46,0,0,1
20,99,3.6,35,0,0,1
42,36,4.4,47,0,0,0
55,50,4.5,35,0,0,0
66,81,3.8,45,0,0,1
24,31,3.6,6,0,0,0
62,48,4.3,20,0,0,0
28,91,4.0,3,0,0,1
30,99,3.4,30,0,0,1
22,70,4.4,28,0,0,1
28,74,2.8,15,0,0,1
35,79,2.8,29,0,0,1
45,33,4.9,15,0,0,0
43,49,4.2,18,0,0,0
55,96,2.9,7,0,0,1
31,66,4.6,19,0,0,1
42,45,2.8,15,0,0,0
40,28,2.6,3,0,0,0
39,48,3.5,13,0,0,0
41,67,3.5,37,0,0,1
56,59,3.4,26,0,0,0
43,74,3.9,29,0,0,1
22,81,3.3,47,0,0,1
47,26,4.1,47,0,0,0
50,61,3.0,48,0,0,1
58,23,3.0,46,0,0,0
50,33,3.2,7,0,0,0
43,58,3.9,45,0,0,1
38,65,3.6,47,0,0,1
44,48,3.1,6,0,0,0
30,25,4.8,29,0,0,0
47,51,3.8,42,0,0,0
30,31,2.8,46,0,0,0
49,99,4.0,28,0,0,1
56,25,4.6,14,0,0,0
70,52,3.5,12,0,0,0
22,47,3.7,41,0,0,0
51,98,4.9,8,0,0,1
22,46,4.1,24,0,0,0
37,32,4.6,18,0,0,0
49,75,4.5,6,0,0,1
61,51,5.0,40,0,0,0
41,52,3.8,6,0,0,0
57,66,4.7,27,0,0,1
34,35,2.8,2,0,0,0
27,43,2.6,39,0,0,0
39,24,3.8,9,0,0,0
62,83,2.8,16,0,0,1
34,62,2.6,36,0,0,0
53,78,3.4,2,0,0,1
35,61,4.5,21,0,0,1
38,57,3.8,39,0,0,0
32,70,3.0,38,0,0,1
47,57,3.7,6,0,0,0
53,74,4.4,6,0,0,1
60,90,3.1,50,0,0,1
31,98,4.2,9,0,0,1
44,43,3.1,15,0,0,0
29,37,5.0,5,0,0,0
19,38,2.7,13,0,0,0
54,60,3.8,44,0,0,1
40,55,3.3,36,0,0,0
39,51,4.8,18,0,0,0
44,71,3.4,39,0,0,1
22,61,4.4,11,0,0,1
30,65,3.9,1,0,0,1
69,34,3.9,34,0,0,0
28,87,4.2,47,0,0,1
57,79,4.0,24,0,0,1
46,46,2.6,20,0,0,0
48,72,4.4,11,0,0,1
24,93,3.2,3,0,0,1
50,76,4.3,38,0,0,1
29,56,4.9,45,0,0,1
61,83,3.8,31,0,0,1
34,90,2.5,16,0,0,1
27,94,4.9,3,0,0,1
38,68,3.0,15,0,0,1
25,53,3.2,11,0,0,0
54,35,2.9,22,0,0,0
53,30,2.8,35,0,0,0
23,26,3.1,5,0,0,0
19,60,3.4,35,0,0,1
57,30,2.9,27,0,0,0
19,91,3.2,9,0,0,1
33,71,3.8,21,0,0,1
33,64,3.6,23,0,0,1
38,54,4.3,3,0,0,0
47,35,4.8,31,0,0,0
39,38,2.5,44,0,0,0
32,69,2.5,20,0,0,1
27,96,4.6,34,0,0,1
67,73,4.2,17,0,0,1
46,49,4.2,20,0,0,0
36,44,4.8,46,0,0,0
62,93,4.5,28,0,0,1
31,72,3.3,6,0,0,1
68,91,2.7,50,0,0,1
57,83,2.8,41,0,0,1
22,62,3.5,50,0,0,1
26,71,3.0,33,0,0,1
43,93,4.5,25,0,0,1
45,63,4.3,2,0,0,1
64,96,4.1,15,0,0,1
28,78,4.3,12,0,0,1
47,24,5.0,28,0,0,0
53,63,3.8,12,0,0,1
42,58,4.9,3,0,0,1
51,55,5.0,20,0,0,0
62,58,4.3,3,0,0,0
18,28,4.1,32,0,0,0
48,37,4.5,35,0,0,0
20,78,3.6,31,0,0,1
32,73,3.0,13,0,0,1
26,20,3.7,3,0,0,0
31,60,4.3,48,0,0,1
55,71,4.6,15,0,0,1
49,89,4.7,13,0,0,1
42,53,4.6,21,0,0,0
64,87,3.0,29,0,0,1
68,37,3.4,24,0,0,0
68,37,3.8,21,0,0,0
41,78,3.1,5,0,0,1
51,23,4.4,47,0,0,0
44,73,4.5,34,0,0,1
27,27,2.8,45,0,0,0
36,59,2.7,12,0,0,0
19,53,3.4,31,0,0,0
49,42,4.6,43,0,0,0
18,45,5.0,5,0,0,0
36,89,3.5,36,0,0,1
36,85,3.3,12,0,0,1
19,69,4.5,31,0,0,1
43,66,3.1,31,0,0,1
31,42,4.0,15,0,0,0
63,40,2.5,11,0,0,0
41,82,4.4,18,0,0,1
48,88,4.4,9,0,0,1
68,99,3.2,11,0,0,1
53,85,3.8,38,0,0,1
36,57,4.6,42,0,0,1
46,56,4.9,41,0,0,1
21,79,3.5,45,0,0,1
52,67,3.4,41,0,0,1
66,61,3.9,35,0,0,1
19,37,3.9,21,0,0,0
44,75,4.2,13,0,0,1
50,21,3.4,23,0,0,0
51,89,4.9,6,0,0,1
25,24,2.9,39,0,0,0
62,27,4.9,7,0,0,0
48,26,4.6,32,0,0,0
62,82,3.6,43,0,0,1
22,28,4.3,15,0,0,0
48,65,4.6,48,0,0,1
48,82,4.7,35,0,0,1
62,38,3.5,41,0,0,0
24,33,2.8,14,0,0,0
39,38,4.0,22,0,0,0
35,48,4.3,16,0,0,0
47,35,3.8,2,0,0,0
22,29,3.0,13,0,0,0
38,48,4.6,38,0,0,0
53,87,4.8,43,0,0,1
31,62,4.7,26,0,0,1
31,96,3.9,39,0,0,1
65,41,4.0,50,0,0,0
48,42,3.7,40,0,0,0
18,57,3.7,12,0,0,0
46,65,4.2,33,0,0,1
52,54,4.7,49,0,0,1
50,22,4.3,43,0,0,0
49,96,4.9,14,0,0,1
69,81,3.9,21,0,0,1
36,46,3.4,31,0,0,0
30,74,4.2,29,0,0,1
25,50,4.7,32,0,0,0
19,80,4.0,16,0,0,1
34,56,4.0,38,0,0,0
29,69,3.1,34,0,0,1
50,97,4.2,30,0,0,1
31,66,3.7,14,0,0,1
41,70,3.1,33,0,0,1
52,50,3.7,35,0,0,0
27,85,3.2,13,0,0,1
49,59,2.8,30,0,0,0
69,74,2.9,30,0,0,1
45,38,3.5,47,0,0,0
20,99,3.8,1,0,0,1
25,97,4.7,1,0,0,1
38,67,4.5,33,0,0,1
55,20,3.9,43,0,0,0
62,45,3.4,37,0,0,0
54,52,4.6,23,0,0,0
61,68,4.6,12,0,0,1
50,98,4.7,30,0,0,1
65,83,3.2,7,0,0,1
68,51,5.0,20,0,0,0
55,21,4.5,10,0,0,0
57,92,3.5,40,0,0,1
56,63,4.5,21,0,0,1
29,56,3.2,17,0,0,0
24,95,4.6,5,0,0,1
59,66,4.0,22,0,0,1
62,28,4.2,5,0,0,0
58,83,4.1,18,0,0,1
64,55,3.6,42,0,0,0
48,28,3.7,22,0,0,0
60,79,3.6,37,0,0,1
52,31,3.8,23,0,0,0
63,37,3.0,47,0,0,0
44,34,3.4,11,0,0,0
63,74,4.8,32,0,0,1
66,31,2.6,20,0,0,0
22,66,2.9,3,0,0,1
62,99,4.9,32,0,0,1
39,55,5.0,5,0,0,0
25,23,4.6,45,0,0,0
70,88,4.2,43,0,0,1
52,26,4.9,1,0,0,0
68,94,4.8,9,0,0,1
18,25,3.0,13,0,0,0
18,96,3.5,5,0,0,1
63,29,3.4,39,0,0,0
47,36,3.4,7,0,0,0
43,90,4.9,8,0,0,1
60,38,4.4,40,0,0,0
49,52,4.2,35,0,0,0
28,88,3.1,14,0,0,1
32,56,4.0,26,0,0,0
29,71,4.8,14,0,0,1
35,94,3.3,9,0,0,1
23,97,4.7,32,0,0,1
70,27,3.2,15,0,0,0
23,28,5.0,25,0,0,0
43,67,4.9,27,0,0,1
29,70,4.9,39,0,0,1
61,95,3.7,49,0,0,1
29,24,3.0,12,0,0,0
66,35,2.6,13,0,0,0
46,22,2.6,22,0,0,0
34,66,4.8,19,0,0,1
51,83,3.2,3,0,0,1
26,95,4.9,50,0,0,1
23,41,3.4,15,0,0,0
52,77,2.7,44,0,0,1
39,52,4.8,48,0,0,0
39,41,4.1,4,0,0,0
33,28,4.6,12,0,0,0
33,90,4.4,33,0,0,1
23,55,3.5,40,0,0,0
31,73,4.8,38,0,0,1
27,87,2.9,19,0,0,1
48,89,3.2,38,0,0,1
61,82,4.4,18,0,0,1
63,80,4.6,24,0,0,1
19,87,2.6,29,0,0,1
21,41,3.1,14,0,0,0
28,83,4.3,44,0,0,1
29,71,3.1,18,0,0,1
23,76,4.6,19,0,0,1
37,34,4.6,4,0,0,0
67,81,2.7,25,0,0,1
34,47,3.0,3,0,0,0
58,36,3.3,40,0,0,0
45,51,2.7,5,0,0,0
63,86,3.3,17,0,0,1
68,41,4.3,36,0,0,0
41,90,4.8,41,0,0,1
50,93,3.3,20,0,0,1
24,56,4.3,2,0,0,0
21,39,3.0,31,0,0,0
18,86,4.8,23,0,0,1
63,82,2.9,30,0,0,1
47,29,3.6,26,0,0,0
58,27,3.5,40,0,0,0
46,25,4.7,19,0,0,0
35,31,4.4,4,0,0,0
42,23,3.3,33,0,0,0
48,47,4.3,29,0,0,0
28,67,4.0,47,0,0,1
44,75,4.9,50,0,0,1
60,82,2.9,28,0,0,1
38,32,4.0,5,0,0,0
46,41,4.3,12,0,0,0
39,89,2.7,4,0,0,1
22,82,5.0,22,0,0,1
44,99,4.4,32,0,0,1
69,98,3.5,32,0,0,1
39,54,3.3,48,0,0,0
53,88,3.8,35,0,0,1
52,43,4.5,44,0,0,0
65,73,4.8,29,0,0,1
48,50,2.9,26,0,0,0
27,73,3.2,3,0,0,1
39,51,2.8,1,0,0,0
59,22,3.3,17,0,0,0
52,32,3.3,17,0,0,0
50,38,4.2,36,0,0,0
32,66,3.6,32,0,0,1
40,20,4.6,50,0,0,0
26,44,3.6,39,0,0,0
47,31,4.0,17,0,0,0
51,45,2.7,39,0,0,0
47,71,4.4,5,0,0,1
53,96,3.2,47,0,0,1
35,32,2.6,18,0,0,0
38,90,3.4,31,0,0,1
69,68,5.0,39,0,0,1
47,45,2.9,12,0,0,0
31,67,5.0,45,0,0,1
68,57,4.4,33,0,0,1
51,60,3.5,3,0,0,0
20,32,3.8,5,0,0,0
27,29,3.8,23,0,0,0
67,20,3.9,39,0,0,0
21,98,3.3,10,0,0,1
20,27,2.9,4,0,0,0
35,67,3.7,18,0,0,1
58,82,3.7,1,0,0,1
28,72,4.6,18,0,0,1
27,77,4.9,46,0,0,1
19,74,3.1,13,0,0,1
63,39,3.5,5,0,0,0
69,80,4.9,11,0,0,1
65,59,4.4,49,0,0,1
63,68,4.4,1,0,0,1
28,77,3.4,11,0,0,1
67,50,3.0,47,0,0,0
51,45,2.6,20,0,0,0
59,71,3.2,18,0,0,1
25,52,4.6,43,0,0,0
31,50,3.8,4,0,0,0
62,66,4.8,20,0,0,1
51,81,4.5,7,0,0,1
32,28,4.2,31,0,0,0
35,65,2.7,41,0,0,1
70,80,4.5,3,0,0,1
19,94,4.9,16,0,0,1
32,30,2.8,43,0,0,0
56,45,3.5,29,0,0,0
53,91,2.5,5,0,0,1
22,36,2.9,30,0,0,0
26,73,4.2,33,0,0,1
42,60,4.6,46,0,0,1
30,77,3.0,17,0,0,1
29,86,4.4,47,0,0,1
47,42,2.6,17,0,0,0
59,70,4.8,17,0,0,1
34,44,2.9,28,0,0,0
52,91,3.0,8,0,0,1
47,30,4.5,8,0,0,0
24,23,3.7,4,0,0,0
63,21,4.8,24,0,0,0
59,34,4.8,29,0,0,0
66,46,4.7,10,0,0,0
45,41,2.6,11,0,0,0
38,33,4.6,18,0,0,0
63,48,3.4,26,0,0,0
55,66,3.0,39,0,0,1
25,54,4.0,4,0,0,0
51,55,2.6,24,0,0,0
28,84,3.4,2,0,0,1
46,66,4.5,36,0,0,1
58,65,2.7,36,0,0,1
30,83,2.9,23,0,0,1
68,61,4.0,36,0,0,1
28,65,3.2,2,0,0,1
26,55,4.0,17,0,0,0
35,79,3.4,19,0,0,1
40,96,4.9,41,0,0,1
31,43,3.6,27,0,0,0
60,40,3.6,32,0,0,0
69,62,3.2,33,0,0,1
51,72,3.7,24,0,0,1
49,87,2.6,31,0,0,1
18,31,3.9,35,0,0,0
63,34,3.4,2,0,0,0
57,53,3.4,42,0,0,0
45,85,4.2,47,0,0,1
36,50,2.9,44,0,0,0
20,91,4.1,8,0,0,1
21,56,3.6,13,0,0,0
62,60,4.0,10,0,0,0
23,34,4.0,1,0,0,0
26,30,3.6,1,0,0,0
30,71,3.1,18,0,0,1
18,100,4.4,2,0,0,1
47,85,4.3,36,0,0,1
41,83,3.5,17,0,0,1
62,31,3.0,1,0,0,0
28,82,4.7,50,0,0,1
46,79,2.5,3,0,0,1
54,62,3.1,45,0,0,1
36,92,3.3,28,0,0,1
25,58,4.7,6,0,0,0
38,88,3.4,33,0,0,1
38,44,3.1,29,0,0,0
42,56,4.6,2,0,0,0
19,23,4.9,43,0,0,0
34,45,2.7,48,0,0,0
38,31,4.2,43,0,0,0
42,96,2.6,26,0,0,1
58,96,3.2,26,0,0,1
56,80,4.4,50,0,0,1
62,28,3.6,36,0,0,0
24,51,2.7,26,0,0,0
60,41,4.3,2,0,0,0
53,99,2.6,49,0,0,1
26,53,4.3,32,0,0,0
34,25,3.9,3,0,0,0
24,95,2.9,38,0,0,1
42,88,3.1,5,0,0,1
36,97,4.2,8,0,0,1
24,81,4.1,43,0,0,1
39,26,4.2,22,0,0,0
46,41,4.4,10,0,0,0
64,93,3.4,26,0,0,1
64,69,4.8,42,0,0,1
61,44,4.5,33,0,0,0
61,54,2.7,23,0,0,0
44,61,3.5,30,0,0,1
65,80,3.1,36,0,0,1
60,30,2.8,3,0,0,0
65,94,2.9,13,0,0,1
27,24,4.5,38,0,0,0
36,21,3.5,19,0,0,0
22,52,4.3,14,0,0,0
62,59,4.9,43,0,0,1
59,51,3.1,10,0,0,0
50,35,4.0,34,0,0,0
51,87,3.6,31,0,0,1
23,42,4.0,34,0,0,0
21,86,2.6,28,0,0,1
44,26,3.1,35,0,0,0
25,60,3.5,41,0,0,1
57,83,3.9,48,0,0,1
41,63,2.7,45,0,0,1
19,25,4.1,10,0,0,0
43,65,4.3,9,0,0,1
25,60,2.9,30,0,0,0
60,75,4.0,45,0,0,1
54,57,4.1,41,0,0,1
52,99,3.7,40,0,0,1
40,45,2.8,42,0,0,0
39,66,3.2,17,0,0,1
54,53,4.5,4,0,0,0
64,94,3.8,6,0,0,1
31,47,3.6,22,0,0,0
37,80,3.6,46,0,0,1
43,65,3.2,27,0,0,1
56,75,3.8,18,0,0,1
27,45,4.4,31,0,0,0
40,51,3.7,1,0,0,0
43,58,2.6,2,0,0,0
62,20,4.0,46,0,0,0
44,82,3.6,27,0,0,1
45,92,2.5,3,0,0,1
40,81,3.2,47,0,0,1
68,44,2.5,20,0,0,0
63,72,3.2,23,0,0,1
60,26,2.6,13,0,0,0
19,26,4.8,12,0,0,0
26,84,5.0,36,0,0,1
70,72,3.2,1,0,0,1
48,55,3.6,14,0,0,0
37,77,2.7,45,0,0,1
48,57,3.1,31,0,0,0
18,71,3.0,41,0,0,1
38,39,2.9,36,0,0,0
33,28,4.7,6,0,0,0
57,33,3.7,28,0,0,0
46,79,3.9,29,0,0,1
46,30,4.0,14,0,0,0
50,75,2.8,7,0,0,1
61,89,4.1,31,0,0,1
45,95,4.2,26,0,0,1
32,44,4.3,12,0,0,0
29,86,4.3,45,0,0,1
66,91,2.6,40,0,0,1
70,41,3.8,42,0,0,0
36,99,2.9,45,0,0,1
34,65,5.0,34,0,0,1
20,48,4.6,34,0,0,0
70,41,3.2,17,0,0,0
50,42,3.0,27,0,0,0
54,26,4.0,31,0,0,0
49,35,4.1,47,0,0,0
50,31,4.0,25,0,0,0
62,73,4.1,47,0,0,1
42,82,3.4,8,0,0,1
69,32,2.9,32,0,0,0
22,27,3.0,33,0,0,0
36,86,4.0,16,0,0,1
64,38,4.8,27,0,0,0
44,93,4.6,17,0,0,1
43,59,4.1,17,0,0,0
58,58,2.6,28,0,0,0
62,84,2.5,38,0,0,1
45,100,4.8,33,0,0,1
47,25,4.2,24,0,0,0
66,29,3.9,14,0,0,0
30,42,3.7,5,0,0,0
68,57,4.2,8,0,0,0
35,84,4.2,42,0,0,1
64,71,4.0,48,0,0,1
30,87,5.0,40,0,0,1
58,52,4.9,46,0,0,0
57,58,4.0,40,0,0,1
60,34,3.2,31,0,0,0
22,60,3.0,39,0,0,0
46,68,2.6,36,0,0,1
27,74,4.4,25,0,0,1
50,83,3.9,24,0,0,1
65,79,4.0,19,0,0,1
61,76,4.0,49,0,0,1
57,20,4.2,4,0,0,0
40,61,4.4,36,0,0,1
39,78,2.5,8,0,0,1
42,21,3.1,29,0,0,0
30,77,3.5,26,0,0,1
65,88,3.0,47,0,0,1
57,64,4.4,44,0,0,1
64,57,4.9,49,0,0,1
56,49,2.8,9,0,0,0
40,35,3.3,28,0,0,0
55,99,4.9,1,0,0,1
25,42,4.2,28,0,0,0
58,32,3.3,33,0,0,0
46,21,2.7,28,0,0,0
18,29,3.3,9,0,0,0
26,64,3.8,28,0,0,1
61,46,3.2,19,0,0,0
55,97,4.1,20,0,0,1
41,94,4.3,3,0,0,1
42,43,4.0,22,0,0,0
70,54,3.9,33,0,0,0
63,51,3.3,21,0,0,0
60,85,2.6,7,0,0,1
28,96,4.2,46,0,0,1
60,42,3.4,24,0,0,0
26,63,4.1,6,0,0,1
42,20,3.9,40,0,0,0
56,25,2.8,17,0,0,0
35,95,2.6,24,0,0,1
34,38,4.0,22,0,0,0
47,29,4.9,3,0,0,0
49,64,3.2,39,0,0,1
37,92,3.9,40,0,0,1
40,34,2.7,1,0,0,0
45,69,3.4,14,0,0,1
57,65,3.5,49,0,0,1
35,81,2.6,33,0,0,1
36,30,4.7,6,0,0,0
35,86,3.5,5,0,0,1
21,64,3.3,29,0,0,1
66,78,3.9,44,0,0,1
40,28,4.2,32,0,0,0
52,49,4.5,41,0,0,0
46,33,2.9,24,0,0,0
44,77,3.8,24,0,0,1
52,81,3.1,33,0,0,1
